LOCATION_ID,ADDRESS_1,ADDRESS_2,CITY,STATE,ZIP,COUNTY,LOCATION_SOURCE_VALUE
1,,,,MO,,26950,26-950
10,,,,AL,,01570,01-570
100,,,,WA,,50380,50-380
1000,,,,AR,,04130,04-130
1001,,,,WI,,52700,52-700
1002,,,,ID,,13090,13-090
1003,,,,NY,,33540,33-540
1004,,,,MI,,23380,23-380
1005,,,,MD,,21090,21-090
1006,,,,VA,,49490,49-490
1007,,,,OK,,37510,37-510
1008,,,,MI,,23150,23-150
1009,,,,FL,,10450,10-450
101,,,,WA,,50220,50-220
1010,,,,AL,,01400,01-400
1011,,,,MO,,26720,26-720
1012,,,,SC,,42300,42-300
1013,,,,TX,,45882,45-882
1014,,,,CO,,06380,06-380
1015,,,,NC,,34200,34-200
1016,,,,MO,,26989,26-989
1017,,,,MO,,26490,26-490
1018,,,,WA,,50050,50-050
1019,,,,IN,,15410,15-410
102,,,,OH,,36630,36-630
1020,,,,WA,,50280,50-280
1021,,,,SD,,43190,43-190
1022,,,,MS,,25540,25-540
1023,,,,WI,,52550,52-550
1024,,,,TN,,44310,44-310
1025,,,,NY,,33560,33-560
1026,,,,NE,,28760,28-760
1027,,,,54,,54100,54-100
1028,,,,AL,,01100,01-100
1029,,,,MO,,26450,26-450
103,,,,AL,,01440,01-440
1030,,,,CA,,05670,05-670
1031,,,,MD,,21070,21-070
1032,,,,54,,54490,54-490
1033,,,,NM,,32300,32-300
1034,,,,TX,,45730,45-730
1035,,,,AR,,04100,04-100
1036,,,,IN,,15720,15-720
1037,,,,GA,,11970,11-970
1038,,,,ME,,20150,20-150
1039,,,,MN,,24540,24-540
104,,,,VA,,49420,49-420
1040,,,,VA,,49710,49-710
1041,,,,AK,,02270,02-270
1042,,,,NY,,33330,33-330
1043,,,,TX,,45510,45-510
1044,,,,VT,,47010,47-010
1045,,,,VA,,49070,49-070
1046,,,,GA,,11500,11-500
1047,,,,IL,,14020,14-020
1048,,,,IN,,15870,15-870
1049,,,,AR,,04740,04-740
105,,,,OK,,37480,37-480
1050,,,,CA,,05550,05-550
1051,,,,54,,54160,54-160
1052,,,,OK,,37680,37-680
1053,,,,IA,,16070,16-070
1054,,,,IL,,14560,14-560
1055,,,,GA,,11280,11-280
1056,,,,UT,,46030,46-030
1057,,,,DE,,08000,08-000
1058,,,,TX,,45892,45-892
1059,,,,MN,,24490,24-490
106,,,,VA,,49770,49-770
1060,,,,TX,,45962,45-962
1061,,,,VA,,49550,49-550
1062,,,,WA,,50350,50-350
1063,,,,LA,,19470,19-470
1064,,,,AL,,01470,01-470
1065,,,,MS,,25120,25-120
1066,,,,IA,,16170,16-170
1067,,,,MI,,23140,23-140
1068,,,,AR,,04410,04-410
1069,,,,CO,,06000,06-000
107,,,,DE,,08010,08-010
1070,,,,MS,,25630,25-630
1071,,,,WI,,52410,52-410
1072,,,,WY,,53110,53-110
1073,,,,CA,,05610,05-610
1074,,,,IA,,16180,16-180
1075,,,,MI,,23120,23-120
1076,,,,NC,,34060,34-060
1077,,,,OR,,38220,38-220
1078,,,,VA,,49750,49-750
1079,,,,TX,,45120,45-120
108,,,,WV,,51220,51-220
1080,,,,NC,,34480,34-480
1081,,,,SC,,42170,42-170
1082,,,,MO,,26821,26-821
1083,,,,OK,,37390,37-390
1084,,,,MS,,25380,25-380
1085,,,,NE,,28540,28-540
1086,,,,KY,,18910,18-910
1087,,,,WV,,51020,51-020
1088,,,,TN,,44500,44-500
1089,,,,TN,,44340,44-340
109,,,,FL,,10100,10-100
1090,,,,MI,,23370,23-370
1091,,,,MO,,26710,26-710
1092,,,,TX,,45881,45-881
1093,,,,OH,,36560,36-560
1094,,,,GA,,11460,11-460
1095,,,,CO,,06350,06-350
1096,,,,VA,,49411,49-411
1097,,,,TX,,45850,45-850
1098,,,,MI,,23550,23-550
1099,,,,KY,,18160,18-160
11,,,,IN,,15140,15-140
110,,,,AL,,01550,01-550
1100,,,,NY,,33550,33-550
1101,,,,TX,,45564,45-564
1102,,,,ND,,35490,35-490
1103,,,,54,,54010,54-010
1104,,,,AL,,01220,01-220
1105,,,,54,,54080,54-080
1106,,,,MS,,25470,25-470
1107,,,,TN,,44480,44-480
1108,,,,OR,,38030,38-030
1109,,,,TX,,45672,45-672
111,,,,AK,,02020,02-020
1110,,,,TX,,45541,45-541
1111,,,,AR,,04250,04-250
1112,,,,GA,,11913,11-913
1113,,,,TX,,45941,45-941
1114,,,,NM,,32180,32-180
1115,,,,UT,,46090,46-090
1116,,,,TX,,45949,45-949
1117,,,,IL,,14810,14-810
1118,,,,AR,,04440,04-440
1119,,,,KS,,17690,17-690
112,,,,CO,,06410,06-410
1120,,,,KS,,17391,17-391
1121,,,,MS,,25230,25-230
1122,,,,LA,,19600,19-600
1123,,,,WA,,50040,50-040
1124,,,,CA,,05370,05-370
1125,,,,CO,,06010,06-010
1126,,,,WA,,50240,50-240
1127,,,,IA,,16020,16-020
1128,,,,GA,,11451,11-451
1129,,,,CA,,05330,05-330
113,,,,OH,,36480,36-480
1130,,,,UT,,46180,46-180
1131,,,,IN,,15890,15-890
1132,,,,IL,,14960,14-960
1133,,,,TX,,45291,45-291
1134,,,,MI,,23770,23-770
1135,,,,CA,,05150,05-150
1136,,,,ME,,20120,20-120
1137,,,,MI,,23190,23-190
1138,,,,NV,,29000,29-000
1139,,,,OR,,38260,38-260
114,,,,SC,,42090,42-090
1140,,,,WI,,52680,52-680
1141,,,,AR,,04090,04-090
1142,,,,AZ,,03000,03-000
1143,,,,LA,,19090,19-090
1144,,,,AL,,01530,01-530
1145,,,,FL,,10070,10-070
1146,,,,CO,,06420,06-420
1147,,,,NC,,34670,34-670
1148,,,,WI,,52520,52-520
1149,,,,WV,,51070,51-070
115,,,,OH,,36170,36-170
1150,,,,TX,,45570,45-570
1151,,,,AL,,01410,01-410
1152,,,,MN,,24080,24-080
1153,,,,SC,,42030,42-030
1154,,,,WV,,51350,51-350
1155,,,,TX,,45888,45-888
1156,,,,GA,,11311,11-311
1157,,,,MI,,23040,23-040
1158,,,,TN,,44700,44-700
1159,,,,NM,,32200,32-200
116,,,,WA,,50260,50-260
1160,,,,OH,,36330,36-330
1161,,,,AR,,04710,04-710
1162,,,,OH,,36230,36-230
1163,,,,MI,,23310,23-310
1164,,,,KY,,18470,18-470
1165,,,,WV,,51190,51-190
1166,,,,NC,,34310,34-310
1167,,,,OH,,36010,36-010
1168,,,,OH,,36880,36-880
1169,,,,PA,,39600,39-600
117,,,,IA,,16960,16-960
1170,,,,OH,,36340,36-340
1171,,,,PA,,39160,39-160
1172,,,,MO,,26020,26-020
1173,,,,NY,,33380,33-380
1174,,,,TX,,45561,45-561
1175,,,,SC,,42000,42-000
1176,,,,IL,,14750,14-750
1177,,,,LA,,19310,19-310
1178,,,,NY,,33740,33-740
1179,,,,ID,,13250,13-250
118,,,,MA,,22160,22-160
1180,,,,RI,,41020,41-020
1181,,,,TX,,45550,45-550
1182,,,,OK,,37610,37-610
1183,,,,KY,,18600,18-600
1184,,,,AL,,01010,01-010
1185,,,,VA,,49500,49-500
1186,,,,LA,,19500,19-500
1187,,,,KS,,17900,17-900
1188,,,,NY,,33090,33-090
1189,,,,ME,,20000,20-000
119,,,,LA,,19270,19-270
1190,,,,TX,,45631,45-631
1191,,,,GA,,11190,11-190
1192,,,,MI,,23030,23-030
1193,,,,GA,,11390,11-390
1194,,,,MI,,23580,23-580
1195,,,,KS,,17290,17-290
1196,,,,MO,,26900,26-900
1197,,,,PA,,39120,39-120
1198,,,,TX,,45591,45-591
1199,,,,TN,,44360,44-360
12,,,,TN,,44230,44-230
120,,,,NY,,33200,33-200
1200,,,,VA,,49343,49-343
1201,,,,OK,,37600,37-600
1202,,,,LA,,19250,19-250
1203,,,,VA,,49700,49-700
1204,,,,UT,,46020,46-020
1205,,,,MN,,24390,24-390
1206,,,,IA,,16030,16-030
1207,,,,AR,,04730,04-730
1208,,,,NE,,28260,28-260
1209,,,,MN,,24480,24-480
121,,,,NJ,,31270,31-270
1210,,,,PA,,39180,39-180
1211,,,,IN,,15370,15-370
1212,,,,OH,,36160,36-160
1213,,,,MO,,26500,26-500
1214,,,,VA,,49088,49-088
1215,,,,MN,,24690,24-690
1216,,,,NC,,34240,34-240
1217,,,,IA,,16850,16-850
1218,,,,MN,,24180,24-180
1219,,,,OK,,37100,37-100
122,,,,AL,,01270,01-270
1220,,,,GA,,11120,11-120
1221,,,,TN,,44620,44-620
1222,,,,FL,,10420,10-420
1223,,,,OH,,36440,36-440
1224,,,,MI,,23220,23-220
1225,,,,OK,,37010,37-010
1226,,,,NV,,29090,29-090
1227,,,,AL,,01120,01-120
1228,,,,TX,,45946,45-946
1229,,,,OH,,36120,36-120
123,,,,PA,,39560,39-560
1230,,,,NC,,34600,34-600
1231,,,,TN,,44830,44-830
1232,,,,TN,,44610,44-610
1233,,,,AL,,01290,01-290
1234,,,,KS,,17490,17-490
1235,,,,TN,,44660,44-660
1236,,,,TX,,45791,45-791
1237,,,,KY,,18580,18-580
1238,,,,CA,,05100,05-100
1239,,,,MN,,24820,24-820
124,,,,SC,,42380,42-380
1240,,,,KY,,18861,18-861
1241,,,,AZ,,03030,03-030
1242,,,,IA,,16690,16-690
1243,,,,LA,,19480,19-480
1244,,,,TX,,45640,45-640
1245,,,,FL,,10270,10-270
1246,,,,TX,,45945,45-945
1247,,,,NY,,33080,33-080
1248,,,,AR,,04620,04-620
1249,,,,KY,,18090,18-090
125,,,,OR,,38250,38-250
1250,,,,FL,,10200,10-200
1251,,,,KY,,18970,18-970
1252,,,,WA,,50360,50-360
1253,,,,SC,,42360,42-360
1254,,,,TX,,45861,45-861
1255,,,,WV,,51340,51-340
1256,,,,IL,,14360,14-360
1257,,,,GA,,11130,11-130
1258,,,,LA,,19520,19-520
1259,,,,NY,,33320,33-320
126,,,,MA,,22060,22-060
1260,,,,TN,,44090,44-090
1261,,,,MN,,24170,24-170
1262,,,,PA,,39330,39-330
1263,,,,KS,,17800,17-800
1264,,,,IL,,14950,14-950
1265,,,,ID,,13170,13-170
1266,,,,KS,,17840,17-840
1267,,,,OR,,38350,38-350
1268,,,,ID,,13230,13-230
1269,,,,WY,,53010,53-010
127,,,,FL,,10470,10-470
1270,,,,TX,,45830,45-830
1271,,,,MO,,26070,26-070
1272,,,,GA,,11960,11-960
1273,,,,ME,,20010,20-010
1274,,,,SC,,42420,42-420
1275,,,,MN,,24090,24-090
1276,,,,NY,,33290,33-290
1277,,,,54,,54680,54-680
1278,,,,AR,,04470,04-470
1279,,,,IL,,14870,14-870
128,,,,CA,,05380,05-380
1280,,,,NC,,34690,34-690
1281,,,,IN,,15460,15-460
1282,,,,AL,,01460,01-460
1283,,,,KS,,17986,17-986
1284,,,,MS,,25450,25-450
1285,,,,LA,,19490,19-490
1286,,,,WA,,50170,50-170
1287,,,,MO,,26986,26-986
1288,,,,PA,,39520,39-520
1289,,,,WA,,50130,50-130
129,,,,MI,,23450,23-450
1290,,,,TN,,44450,44-450
1291,,,,FL,,10440,10-440
1292,,,,TN,,44590,44-590
1293,,,,IL,,14900,14-900
1294,,,,TX,,45960,45-960
1295,,,,IN,,15080,15-080
1296,,,,AL,,01350,01-350
1297,,,,KY,,18570,18-570
1298,,,,OK,,37380,37-380
1299,,,,NC,,34340,34-340
13,,,,RI,,41030,41-030
130,,,,IN,,15250,15-250
1300,,,,AL,,01280,01-280
1301,,,,MS,,25140,25-140
1302,,,,PA,,39740,39-740
1303,,,,54,,54120,54-120
1304,,,,MS,,25730,25-730
1305,,,,AL,,01610,01-610
1306,,,,HI,,12040,12-040
1307,,,,AR,,04670,04-670
1308,,,,WV,,51290,51-290
1309,,,,SC,,42150,42-150
131,,,,NC,,34950,34-950
1310,,,,TN,,44560,44-560
1311,,,,NM,,32260,32-260
1312,,,,MT,,27360,27-360
1313,,,,WV,,51270,51-270
1314,,,,54,,54330,54-330
1315,,,,KY,,18330,18-330
1316,,,,SC,,42160,42-160
1317,,,,VA,,49320,49-320
1318,,,,VA,,49970,49-970
1319,,,,WI,,52540,52-540
132,,,,AR,,04030,04-030
1320,,,,MT,,27140,27-140
1321,,,,UT,,46110,46-110
1322,,,,NY,,33770,33-770
1323,,,,IA,,16220,16-220
1324,,,,NC,,34610,34-610
1325,,,,IN,,15610,15-610
1326,,,,CA,,05070,05-070
1327,,,,MS,,25520,25-520
1328,,,,MS,,25460,25-460
1329,,,,MT,,27000,27-000
133,,,,NC,,34660,34-660
1330,,,,IA,,16230,16-230
1331,,,,NC,,34890,34-890
1332,,,,MN,,24850,24-850
1333,,,,TN,,44000,44-000
1334,,,,KS,,17420,17-420
1335,,,,KY,,18560,18-560
1336,,,,PA,,39730,39-730
1337,,,,FL,,10620,10-620
1338,,,,NJ,,31220,31-220
1339,,,,NE,,28180,28-180
134,,,,54,,54340,54-340
1340,,,,IL,,14490,14-490
1341,,,,OH,,36710,36-710
1342,,,,TN,,44370,44-370
1343,,,,OK,,37560,37-560
1344,,,,KS,,17000,17-000
1345,,,,GA,,11510,11-510
1346,,,,VA,,49060,49-060
1347,,,,IN,,15730,15-730
1348,,,,FL,,10020,10-020
1349,,,,GA,,11710,11-710
135,,,,NY,,33331,33-331
1350,,,,GA,,11040,11-040
1351,,,,AR,,04340,04-340
1352,,,,ID,,13260,13-260
1353,,,,IL,,14450,14-450
1354,,,,NV,,29110,29-110
1355,,,,GA,,11870,11-870
1356,,,,WA,,50320,50-320
1357,,,,CO,,06310,06-310
1358,,,,VA,,49870,49-870
1359,,,,MS,,25290,25-290
136,,,,WV,,51160,51-160
1360,,,,MI,,23630,23-630
1361,,,,VA,,49891,49-891
1362,,,,NM,,32270,32-270
1363,,,,MO,,26911,26-911
1364,,,,AR,,04720,04-720
1365,,,,AR,,04040,04-040
1366,,,,TN,,44060,44-060
1367,,,,GA,,11703,11-703
1368,,,,KY,,18100,18-100
1369,,,,WV,,51490,51-490
137,,,,NJ,,31200,31-200
1370,,,,IA,,16090,16-090
1371,,,,KY,,18890,18-890
1372,,,,IN,,15270,15-270
1373,,,,MN,,24060,24-060
1374,,,,MD,,21080,21-080
1375,,,,MO,,26260,26-260
1376,,,,VA,,49800,49-800
1377,,,,NY,,33260,33-260
1378,,,,NC,,34500,34-500
1379,,,,VA,,49160,49-160
138,,,,AR,,04110,04-110
1380,,,,NY,,33660,33-660
1381,,,,ID,,13050,13-050
1382,,,,AZ,,03020,03-020
1383,,,,TN,,44420,44-420
1384,,,,IN,,15060,15-060
1385,,,,OH,,36820,36-820
1386,,,,KY,,18880,18-880
1387,,,,MS,,25430,25-430
1388,,,,NC,,34700,34-700
1389,,,,TX,,45671,45-671
139,,,,IA,,16760,16-760
1390,,,,NY,,33530,33-530
1391,,,,NH,,30010,30-010
1392,,,,WV,,51300,51-300
1393,,,,OK,,37290,37-290
1394,,,,MS,,25530,25-530
1395,,,,KY,,18060,18-060
1396,,,,OH,,36690,36-690
1397,,,,IA,,16500,16-500
1398,,,,TX,,45954,45-954
1399,,,,OH,,36410,36-410
14,,,,IL,,14982,14-982
140,,,,NC,,34740,34-740
1400,,,,GA,,11902,11-902
1401,,,,AR,,04460,04-460
1402,,,,MN,,24800,24-800
1403,,,,WA,,50270,50-270
1404,,,,AR,,04160,04-160
1405,,,,AL,,01420,01-420
1406,,,,IN,,15680,15-680
1407,,,,CO,,06230,06-230
1408,,,,MO,,26340,26-340
1409,,,,NC,,34140,34-140
141,,,,NH,,30080,30-080
1410,,,,IA,,16950,16-950
1411,,,,SC,,42350,42-350
1412,,,,MN,,24120,24-120
1413,,,,MS,,25560,25-560
1414,,,,IL,,14983,14-983
1415,,,,KS,,17630,17-630
1416,,,,SD,,43060,43-060
1417,,,,MO,,26240,26-240
1418,,,,FL,,10430,10-430
1419,,,,OR,,38290,38-290
142,,,,WV,,51240,51-240
1420,,,,NE,,28700,28-700
1421,,,,MI,,23390,23-390
1422,,,,MS,,25660,25-660
1423,,,,NC,,34420,34-420
1424,,,,TN,,44210,44-210
1425,,,,NC,,34130,34-130
1426,,,,OK,,37000,37-000
1427,,,,KS,,17390,17-390
1428,,,,MI,,23090,23-090
1429,,,,NE,,28840,28-840
143,,,,TX,,45130,45-130
1430,,,,MD,,21220,21-220
1431,,,,54,,54250,54-250
1432,,,,KY,,18982,18-982
1433,,,,OH,,36290,36-290
1434,,,,OH,,36790,36-790
1435,,,,IL,,14980,14-980
1436,,,,AK,,02060,02-060
1437,,,,OH,,36520,36-520
1438,,,,AR,,04320,04-320
1439,,,,ND,,35020,35-020
144,,,,AR,,04430,04-430
1440,,,,PA,,39670,39-670
1441,,,,VA,,49530,49-530
1442,,,,TN,,44910,44-910
1443,,,,WI,,52220,52-220
1444,,,,KY,,18988,18-988
1445,,,,MI,,23210,23-210
1446,,,,KS,,17880,17-880
1447,,,,OH,,36020,36-020
1448,,,,LA,,19580,19-580
1449,,,,MN,,24240,24-240
145,,,,MA,,22070,22-070
1450,,,,TN,,44280,44-280
1451,,,,VA,,49680,49-680
1452,,,,TX,,45620,45-620
1453,,,,54,,54630,54-630
1454,,,,ID,,13390,13-390
1455,,,,TX,,45600,45-600
1456,,,,MI,,23180,23-180
1457,,,,KY,,18230,18-230
1458,,,,TX,,45421,45-421
1459,,,,MN,,24460,24-460
146,,,,KS,,17860,17-860
1460,,,,NE,,28780,28-780
1461,,,,WI,,52300,52-300
1462,,,,MS,,25700,25-700
1463,,,,TX,,45340,45-340
1464,,,,WY,,53180,53-180
1465,,,,KY,,18320,18-320
1466,,,,GA,,11790,11-790
1467,,,,VT,,47080,47-080
1468,,,,MO,,26320,26-320
1469,,,,GA,,11020,11-020
147,,,,FL,,10000,10-000
1470,,,,NY,,33220,33-220
1471,,,,IN,,15340,15-340
1472,,,,54,,54720,54-720
1473,,,,IN,,15230,15-230
1474,,,,IN,,15590,15-590
1475,,,,MS,,25320,25-320
1476,,,,SC,,42180,42-180
1477,,,,TX,,45845,45-845
1478,,,,TN,,44530,44-530
1479,,,,MN,,24100,24-100
148,,,,54,,54640,54-640
1480,,,,PA,,39190,39-190
1481,,,,WI,,52620,52-620
1482,,,,NC,,34760,34-760
1483,,,,TX,,45661,45-661
1484,,,,IL,,14180,14-180
1485,,,,NJ,,31360,31-360
1486,,,,IN,,15290,15-290
1487,,,,AL,,01660,01-660
1488,,,,IN,,15420,15-420
1489,,,,KS,,17750,17-750
149,,,,NM,,32020,32-020
1490,,,,KS,,17580,17-580
1491,,,,OH,,36260,36-260
1492,,,,OH,,36050,36-050
1493,,,,OH,,36220,36-220
1494,,,,MS,,25070,25-070
1495,,,,NM,,32220,32-220
1496,,,,MT,,27240,27-240
1497,,,,TX,,45731,45-731
1498,,,,TN,,44850,44-850
1499,,,,SD,,43110,43-110
15,,,,ID,,13270,13-270
150,,,,CA,,05430,05-430
1500,,,,WA,,50070,50-070
1501,,,,IN,,15560,15-560
1502,,,,TN,,44240,44-240
1503,,,,MT,,27010,27-010
1504,,,,IA,,16440,16-440
1505,,,,AR,,04390,04-390
1506,,,,IN,,15670,15-670
1507,,,,OH,,36750,36-750
1508,,,,VA,,49730,49-730
1509,,,,VA,,49330,49-330
151,,,,IA,,16160,16-160
1510,,,,KY,,18480,18-480
1511,,,,AR,,04420,04-420
1512,,,,LA,,19620,19-620
1513,,,,WI,,52510,52-510
1514,,,,TX,,45260,45-260
1515,,,,AK,,02090,02-090
1516,,,,MS,,25060,25-060
1517,,,,MN,,24160,24-160
1518,,,,ID,,13240,13-240
1519,,,,OK,,37620,37-620
152,,,,CA,,05160,05-160
1520,,,,VA,,49410,49-410
1521,,,,SD,,43400,43-400
1522,,,,GA,,11291,11-291
1523,,,,ND,,35520,35-520
1524,,,,NC,,34960,34-960
1525,,,,WI,,52370,52-370
1526,,,,KS,,17270,17-270
1527,,,,GA,,11861,11-861
1528,,,,MI,,23080,23-080
1529,,,,GA,,11310,11-310
153,,,,54,,54999,54-999
1530,,,,ID,,13150,13-150
1531,,,,FL,,10390,10-390
1532,,,,FL,,10220,10-220
1533,,,,IL,,14910,14-910
1534,,,,WI,,52380,52-380
1535,,,,MN,,24710,24-710
1536,,,,IL,,14330,14-330
1537,,,,LA,,19430,19-430
1538,,,,IN,,15800,15-800
1539,,,,NY,,33050,33-050
154,,,,SC,,42450,42-450
1540,,,,TN,,44160,44-160
1541,,,,OK,,37550,37-550
1542,,,,RI,,41050,41-050
1543,,,,SD,,43580,43-580
1544,,,,NE,,28230,28-230
1545,,,,IL,,14370,14-370
1546,,,,NC,,34720,34-720
1547,,,,TX,,45312,45-312
1548,,,,OK,,37050,37-050
1549,,,,VA,,49230,49-230
155,,,,MD,,21100,21-100
1550,,,,KS,,17560,17-560
1551,,,,WI,,52200,52-200
1552,,,,WV,,51060,51-060
1553,,,,VA,,49771,49-771
1554,,,,GA,,11882,11-882
1555,,,,TX,,45450,45-450
1556,,,,OH,,36650,36-650
1557,,,,MO,,26060,26-060
1558,,,,54,,54090,54-090
1559,,,,VA,,49980,49-980
156,,,,MN,,24790,24-790
1560,,,,OK,,37700,37-700
1561,,,,TN,,44670,44-670
1562,,,,KY,,18360,18-360
1563,,,,WI,,52000,52-000
1564,,,,WI,,52360,52-360
1565,,,,54,,54480,54-480
1566,,,,WY,,53020,53-020
1567,,,,IA,,16340,16-340
1568,,,,IL,,14140,14-140
1569,,,,GA,,11462,11-462
157,,,,OH,,36080,36-080
1570,,,,OH,,36810,36-810
1571,,,,FL,,10060,10-060
1572,,,,FL,,10210,10-210
1573,,,,KS,,17710,17-710
1574,,,,NC,,34530,34-530
1575,,,,IN,,15580,15-580
1576,,,,IA,,16320,16-320
1577,,,,NY,,33350,33-350
1578,,,,AL,,01390,01-390
1579,,,,OH,,36460,36-460
158,,,,NY,,33610,33-610
1580,,,,IL,,14120,14-120
1581,,,,MO,,26970,26-970
1582,,,,PA,,39650,39-650
1583,,,,TX,,45983,45-983
1584,,,,WA,,50230,50-230
1585,,,,OK,,37720,37-720
1586,,,,OH,,36000,36-000
1587,,,,PA,,39790,39-790
1588,,,,IN,,15170,15-170
1589,,,,TX,,45451,45-451
159,,,,MA,,22090,22-090
1590,,,,IN,,15160,15-160
1591,,,,LA,,19120,19-120
1592,,,,MD,,21230,21-230
1593,,,,AR,,04640,04-640
1594,,,,KY,,18270,18-270
1595,,,,WI,,52030,52-030
1596,,,,VA,,49600,49-600
1597,,,,54,,54200,54-200
1598,,,,NV,,29100,29-100
1599,,,,IN,,15200,15-200
16,,,,CO,,06140,06-140
160,,,,CT,,07040,07-040
1600,,,,NE,,28330,28-330
1601,,,,NH,,30034,30-034
1602,,,,KY,,18490,18-490
1603,,,,GA,,11771,11-771
1604,,,,ID,,13220,13-220
1605,,,,WA,,50250,50-250
1606,,,,MO,,26880,26-880
1607,,,,KY,,18050,18-050
1608,,,,54,,54300,54-300
1609,,,,TN,,44250,44-250
161,,,,OH,,36490,36-490
1610,,,,IL,,14650,14-650
1611,,,,KY,,18977,18-977
1612,,,,54,,54020,54-020
1613,,,,AZ,,03110,03-110
1614,,,,GA,,11440,11-440
1615,,,,IA,,16060,16-060
1616,,,,FL,,10240,10-240
1617,,,,GA,,11490,11-490
1618,,,,WI,,52080,52-080
1619,,,,NC,,34470,34-470
162,,,,TX,,45870,45-870
1620,,,,NM,,32120,32-120
1621,,,,VA,,49300,49-300
1622,,,,MD,,21110,21-110
1623,,,,ND,,35250,35-250
1624,,,,NY,,33640,33-640
1625,,,,IL,,14992,14-992
1626,,,,IA,,16150,16-150
1627,,,,54,,54560,54-560
1628,,,,54,,54700,54-700
1629,,,,GA,,11260,11-260
163,,,,MI,,23800,23-800
1630,,,,TX,,45795,45-795
1631,,,,TX,,45820,45-820
1632,,,,MS,,25130,25-130
1633,,,,WV,,51100,51-100
1634,,,,NE,,28590,28-590
1635,,,,GA,,11911,11-911
1636,,,,KY,,18291,18-291
1637,,,,54,,54370,54-370
1638,,,,NY,,33040,33-040
1639,,,,TN,,44840,44-840
164,,,,CA,,05110,05-110
1640,,,,IL,,14620,14-620
1641,,,,MN,,24550,24-550
1642,,,,MS,,25340,25-340
1643,,,,WI,,52140,52-140
1644,,,,CA,,05020,05-020
1645,,,,OK,,37240,37-240
1646,,,,IL,,14010,14-010
1647,,,,PA,,39390,39-390
1648,,,,VA,,49470,49-470
1649,,,,MN,,24190,24-190
165,,,,CA,,05600,05-600
1650,,,,MI,,23330,23-330
1651,,,,MO,,26100,26-100
1652,,,,TN,,44140,44-140
1653,,,,VA,,49820,49-820
1654,,,,IA,,16260,16-260
1655,,,,CT,,07060,07-060
1656,,,,54,,54430,54-430
1657,,,,WV,,51410,51-410
1658,,,,GA,,11851,11-851
1659,,,,GA,,11100,11-100
166,,,,GA,,11530,11-530
1660,,,,SC,,42320,42-320
1661,,,,TX,,45552,45-552
1662,,,,AL,,01030,01-030
1663,,,,MO,,26530,26-530
1664,,,,NE,,28550,28-550
1665,,,,WA,,50140,50-140
1666,,,,KY,,18760,18-760
1667,,,,IN,,15750,15-750
1668,,,,VT,,47100,47-100
1669,,,,UT,,46010,46-010
167,,,,CT,,07000,07-000
1670,,,,WI,,52480,52-480
1671,,,,ID,,13370,13-370
1672,,,,NE,,28320,28-320
1673,,,,54,,54270,54-270
1674,,,,UT,,46100,46-100
1675,,,,MT,,27420,27-420
1676,,,,VA,,49194,49-194
1677,,,,NC,,34940,34-940
1678,,,,MO,,26840,26-840
1679,,,,WI,,52350,52-350
168,,,,MA,,22170,22-170
1680,,,,SD,,43140,43-140
1681,,,,IA,,16540,16-540
1682,,,,MO,,26460,26-460
1683,,,,VA,,49780,49-780
1684,,,,CA,,05350,05-350
1685,,,,IL,,14630,14-630
1686,,,,IA,,16900,16-900
1687,,,,PA,,39630,39-630
1688,,,,IN,,15240,15-240
1689,,,,MS,,25280,25-280
169,,,,NC,,34910,34-910
1690,,,,OH,,36600,36-600
1691,,,,WA,,50190,50-190
1692,,,,FL,,10130,10-130
1693,,,,MO,,26790,26-790
1694,,,,NE,,28470,28-470
1695,,,,WA,,50200,50-200
1696,,,,MN,,24440,24-440
1697,,,,AL,,01180,01-180
1698,,,,MS,,25620,25-620
1699,,,,PA,,39460,39-460
17,,,,NC,,34400,34-400
170,,,,FL,,10050,10-050
1700,,,,CO,,06470,06-470
1701,,,,AR,,04270,04-270
1702,,,,PA,,39640,39-640
1703,,,,OR,,38040,38-040
1704,,,,IN,,15600,15-600
1705,,,,ID,,13040,13-040
1706,,,,NE,,28130,28-130
1707,,,,54,,54760,54-760
1708,,,,OK,,37200,37-200
1709,,,,MD,,21180,21-180
171,,,,WV,,51540,51-540
1710,,,,WI,,52600,52-600
1711,,,,WV,,51310,51-310
1712,,,,AL,,01080,01-080
1713,,,,AR,,04580,04-580
1714,,,,OH,,36070,36-070
1715,,,,VA,,49880,49-880
1716,,,,CO,,06490,06-490
1717,,,,GA,,11883,11-883
1718,,,,IN,,15360,15-360
1719,,,,WA,,50120,50-120
172,,,,WI,,52290,52-290
1720,,,,GA,,11912,11-912
1721,,,,MN,,24290,24-290
1722,,,,54,,54190,54-190
1723,,,,NC,,34850,34-850
1724,,,,KY,,18932,18-932
1725,,,,IN,,15530,15-530
1726,,,,NC,,34251,34-251
1727,,,,NC,,34820,34-820
1728,,,,KY,,18976,18-976
1729,,,,WA,,50150,50-150
173,,,,OH,,36310,36-310
1730,,,,MI,,23270,23-270
1731,,,,WY,,53210,53-210
1732,,,,IA,,16430,16-430
1733,,,,KY,,18920,18-920
1734,,,,TN,,44720,44-720
1735,,,,KS,,17790,17-790
1736,,,,WI,,52400,52-400
1737,,,,MT,,27190,27-190
1738,,,,KS,,17320,17-320
1739,,,,VA,,49451,49-451
174,,,,SD,,43450,43-450
1740,,,,TX,,45790,45-790
1741,,,,MD,,21210,21-210
1742,,,,NE,,28010,28-010
1743,,,,MI,,23510,23-510
1744,,,,OH,,36380,36-380
1745,,,,54,,54650,54-650
1746,,,,OH,,36660,36-660
1747,,,,MI,,23410,23-410
1748,,,,IA,,16880,16-880
1749,,,,GA,,11841,11-841
175,,,,MO,,26991,26-991
1750,,,,IL,,14730,14-730
1751,,,,TN,,44880,44-880
1752,,,,NM,,32170,32-170
1753,,,,VA,,49660,49-660
1754,,,,IN,,15470,15-470
1755,,,,NC,,34080,34-080
1756,,,,PA,,39510,39-510
1757,,,,OH,,36060,36-060
1758,,,,WV,,51380,51-380
1759,,,,MN,,24270,24-270
176,,,,FL,,10540,10-540
1760,,,,MD,,21190,21-190
1761,,,,SD,,43020,43-020
1762,,,,CO,,06130,06-130
1763,,,,GA,,11900,11-900
1764,,,,OR,,38150,38-150
1765,,,,LA,,19550,19-550
1766,,,,TX,,45754,45-754
1767,,,,NC,,34300,34-300
1768,,,,KY,,18080,18-080
1769,,,,VA,,49140,49-140
177,,,,TN,,44320,44-320
1770,,,,WA,,50100,50-100
1771,,,,KY,,18660,18-660
1772,,,,AR,,04210,04-210
1773,,,,OH,,36850,36-850
1774,,,,KS,,17060,17-060
1775,,,,ND,,35350,35-350
1776,,,,KS,,17770,17-770
1777,,,,MT,,27350,27-350
1778,,,,IL,,14780,14-780
1779,,,,AR,,04570,04-570
178,,,,UT,,46240,46-240
1780,,,,MO,,26540,26-540
1781,,,,OK,,37450,37-450
1782,,,,VA,,49150,49-150
1783,,,,VA,,49650,49-650
1784,,,,MN,,24450,24-450
1785,,,,IA,,16890,16-890
1786,,,,CA,,05570,05-570
1787,,,,OR,,38120,38-120
1788,,,,FL,,10140,10-140
1789,,,,AR,,04360,04-360
179,,,,TN,,44290,44-290
1790,,,,KY,,18130,18-130
1791,,,,IA,,16110,16-110
1792,,,,MD,,21140,21-140
1793,,,,MI,,23420,23-420
1794,,,,IL,,14170,14-170
1795,,,,IL,,14760,14-760
1796,,,,MS,,25110,25-110
1797,,,,SD,,43260,43-260
1798,,,,TX,,45890,45-890
1799,,,,LA,,19000,19-000
18,,,,WA,,50160,50-160
180,,,,MA,,22150,22-150
1800,,,,GA,,11612,11-612
1801,,,,NC,,34230,34-230
1802,,,,KY,,18350,18-350
1803,,,,ID,,13140,13-140
1804,,,,GA,,11410,11-410
1805,,,,MS,,25610,25-610
1806,,,,KY,,18010,18-010
1807,,,,NV,,29030,29-030
1808,,,,GA,,11430,11-430
1809,,,,WV,,51040,51-040
181,,,,MO,,26580,26-580
1810,,,,LA,,19610,19-610
1811,,,,AL,,01050,01-050
1812,,,,KS,,17470,17-470
1813,,,,OR,,38130,38-130
1814,,,,WY,,53080,53-080
1815,,,,IA,,16480,16-480
1816,,,,NE,,28440,28-440
1817,,,,MO,,26631,26-631
1818,,,,VA,,49191,49-191
1819,,,,SD,,43130,43-130
182,,,,NY,,33760,33-760
1820,,,,NY,,33270,33-270
1821,,,,54,,54500,54-500
1822,,,,MN,,24200,24-200
1823,,,,AL,,01060,01-060
1824,,,,NC,,34840,34-840
1825,,,,OH,,36240,36-240
1826,,,,KY,,18710,18-710
1827,,,,WY,,53170,53-170
1828,,,,MS,,25150,25-150
1829,,,,PA,,39680,39-680
183,,,,CA,,05490,05-490
1830,,,,TX,,45222,45-222
1831,,,,NE,,28650,28-650
1832,,,,TX,,45880,45-880
1833,,,,IA,,16560,16-560
1834,,,,OH,,36760,36-760
1835,,,,UT,,46040,46-040
1836,,,,MS,,25740,25-740
1837,,,,CO,,06370,06-370
1838,,,,TX,,45942,45-942
1839,,,,VA,,49480,49-480
184,,,,MO,,26680,26-680
1840,,,,TX,,45030,45-030
1841,,,,SD,,43540,43-540
1842,,,,MN,,24410,24-410
1843,,,,OH,,36670,36-670
1844,,,,VA,,49213,49-213
1845,,,,TX,,45743,45-743
1846,,,,TX,,45756,45-756
1847,,,,MS,,25770,25-770
1848,,,,AL,,01600,01-600
1849,,,,MS,,25030,25-030
185,,,,NC,,34630,34-630
1850,,,,KS,,17040,17-040
1851,,,,OR,,38000,38-000
1852,,,,NM,,32130,32-130
1853,,,,ND,,35500,35-500
1854,,,,GA,,11240,11-240
1855,,,,NC,,34520,34-520
1856,,,,LA,,19590,19-590
1857,,,,TX,,45580,45-580
1858,,,,SC,,42120,42-120
1859,,,,ME,,20070,20-070
186,,,,PA,,39250,39-250
1860,,,,TX,,45750,45-750
1861,,,,VA,,49170,49-170
1862,,,,NC,,34020,34-020
1863,,,,TN,,44770,44-770
1864,,,,LA,,19380,19-380
1865,,,,IN,,15000,15-000
1866,,,,OK,,37320,37-320
1867,,,,ID,,13340,13-340
1868,,,,AR,,04180,04-180
1869,,,,MT,,27400,27-400
187,,,,NC,,34250,34-250
1870,,,,MO,,26412,26-412
1871,,,,KY,,18390,18-390
1872,,,,MN,,24560,24-560
1873,,,,MI,,23500,23-500
1874,,,,AL,,01150,01-150
1875,,,,IA,,16510,16-510
1876,,,,OH,,36620,36-620
1877,,,,OK,,37190,37-190
1878,,,,OH,,36730,36-730
1879,,,,MI,,23830,23-830
188,,,,FL,,10160,10-160
1880,,,,MI,,23640,23-640
1881,,,,MS,,25100,25-100
1882,,,,NC,,34150,34-150
1883,,,,ND,,35470,35-470
1884,,,,MS,,25300,25-300
1885,,,,MN,,24630,24-630
1886,,,,IL,,14190,14-190
1887,,,,AR,,04700,04-700
1888,,,,MI,,23110,23-110
1889,,,,NC,,34810,34-810
189,,,,IL,,14989,14-989
1890,,,,GA,,11812,11-812
1891,,,,TX,,45901,45-901
1892,,,,TX,,45761,45-761
1893,,,,KY,,18210,18-210
1894,,,,NE,,28400,28-400
1895,,,,TN,,44600,44-600
1896,,,,OR,,38310,38-310
1897,,,,KY,,18540,18-540
1898,,,,AR,,04350,04-350
1899,,,,MN,,24840,24-840
19,,,,UT,,46170,46-170
190,,,,IN,,15480,15-480
1900,,,,MO,,26030,26-030
1901,,,,NM,,32025,32-025
1902,,,,WA,,50010,50-010
1903,,,,VA,,49291,49-291
1904,,,,OH,,36420,36-420
1905,,,,IA,,16740,16-740
1906,,,,KS,,17050,17-050
1907,,,,54,,54070,54-070
1908,,,,OH,,36150,36-150
1909,,,,KY,,18780,18-780
191,,,,VA,,49622,49-622
1910,,,,NC,,34800,34-800
1911,,,,KY,,18730,18-730
1912,,,,MS,,25040,25-040
1913,,,,NC,,34560,34-560
1914,,,,54,,54590,54-590
1915,,,,WI,,52110,52-110
1916,,,,AR,,04010,04-010
1917,,,,MO,,26541,26-541
1918,,,,54,,54050,54-050
1919,,,,MO,,26110,26-110
192,,,,WA,,50330,50-330
1920,,,,54,,54310,54-310
1921,,,,GA,,11910,11-910
1922,,,,GA,,11640,11-640
1923,,,,MS,,25570,25-570
1924,,,,54,,54400,54-400
1925,,,,KY,,18700,18-700
1926,,,,OK,,37410,37-410
1927,,,,GA,,11760,11-760
1928,,,,OH,,36890,36-890
1929,,,,TX,,45883,45-883
193,,,,PA,,39100,39-100
1930,,,,LA,,19040,19-040
1931,,,,MO,,26930,26-930
1932,,,,UT,,46230,46-230
1933,,,,OH,,36270,36-270
1934,,,,KS,,17150,17-150
1935,,,,VA,,49190,49-190
1936,,,,CO,,06190,06-190
1937,,,,MO,,26130,26-130
1938,,,,MT,,27320,27-320
1939,,,,TX,,45292,45-292
194,,,,IN,,15780,15-780
1940,,,,WY,,53030,53-030
1941,,,,SD,,43300,43-300
1942,,,,GA,,11850,11-850
1943,,,,IA,,16630,16-630
1944,,,,MO,,26270,26-270
1945,,,,MI,,23070,23-070
1946,,,,IA,,16050,16-050
1947,,,,AR,,04000,04-000
1948,,,,TX,,45973,45-973
1949,,,,NE,,28000,28-000
195,,,,WI,,52100,52-100
1950,,,,NM,,32030,32-030
1951,,,,VA,,49310,49-310
1952,,,,TN,,44440,44-440
1953,,,,AR,,04290,04-290
1954,,,,NE,,28150,28-150
1955,,,,VA,,49260,49-260
1956,,,,VT,,47070,47-070
1957,,,,TN,,44490,44-490
1958,,,,TX,,45542,45-542
1959,,,,KS,,17740,17-740
196,,,,NJ,,31160,31-160
1960,,,,IA,,16360,16-360
1961,,,,TX,,45900,45-900
1962,,,,UT,,46150,46-150
1963,,,,54,,54510,54-510
1964,,,,NC,,34980,34-980
1965,,,,NC,,34190,34-190
1966,,,,GA,,11901,11-901
1967,,,,IA,,16590,16-590
1968,,,,KS,,17660,17-660
1969,,,,MT,,27110,27-110
197,,,,DC,,09000,09-000
1970,,,,WA,,50180,50-180
1971,,,,GA,,11890,11-890
1972,,,,WI,,52340,52-340
1973,,,,MI,,23530,23-530
1974,,,,TX,,45783,45-783
1975,,,,KY,,18850,18-850
1976,,,,MO,,26740,26-740
1977,,,,AR,,04550,04-550
1978,,,,KS,,17260,17-260
1979,,,,KY,,18620,18-620
198,,,,TX,,45670,45-670
1980,,,,NH,,30000,30-000
1981,,,,MS,,25690,25-690
1982,,,,VA,,49350,49-350
1983,,,,GA,,11060,11-060
1984,,,,MO,,26560,26-560
1985,,,,LA,,19200,19-200
1986,,,,AK,,02280,02-280
1987,,,,VA,,49892,49-892
1988,,,,AZ,,03040,03-040
1989,,,,MO,,26993,26-993
199,,,,TN,,44740,44-740
1990,,,,VT,,47120,47-120
1991,,,,CO,,06180,06-180
1992,,,,TX,,45981,45-981
1993,,,,TN,,44550,44-550
1994,,,,MS,,25190,25-190
1995,,,,MD,,21200,21-200
1996,,,,IN,,15650,15-650
1997,,,,SC,,42440,42-440
1998,,,,GA,,11884,11-884
1999,,,,SD,,43630,43-630
2,,,,PA,,39230,39-230
20,,,,MA,,22020,22-020
200,,,,AL,,01360,01-360
2000,,,,SC,,42210,42-210
2001,,,,TX,,45757,45-757
2002,,,,ID,,13400,13-400
2003,,,,TN,,44300,44-300
2004,,,,VA,,49270,49-270
2005,,,,SC,,42130,42-130
2006,,,,SD,,43600,43-600
2007,,,,AR,,04140,04-140
2008,,,,GA,,11834,11-834
2009,,,,KY,,18510,18-510
201,,,,WI,,52020,52-020
2010,,,,FL,,10660,10-660
2011,,,,MO,,26990,26-990
2012,,,,VA,,49830,49-830
2013,,,,GA,,11300,11-300
2014,,,,MS,,25750,25-750
2015,,,,IA,,16370,16-370
2016,,,,OH,,36200,36-200
2017,,,,VA,,49380,49-380
2018,,,,KY,,18986,18-986
2019,,,,MO,,26770,26-770
202,,,,GA,,11940,11-940
2020,,,,SD,,43270,43-270
2021,,,,NE,,28720,28-720
2022,,,,TX,,45070,45-070
2023,,,,MO,,26750,26-750
2024,,,,TX,,45010,45-010
2025,,,,GA,,11471,11-471
2026,,,,VA,,49860,49-860
2027,,,,NC,,34870,34-870
2028,,,,GA,,11520,11-520
2029,,,,VA,,49920,49-920
203,,,,NY,,33420,33-420
2030,,,,54,,54060,54-060
2031,,,,WI,,52060,52-060
2032,,,,OH,,36400,36-400
2033,,,,SD,,43670,43-670
2034,,,,OK,,37330,37-330
2035,,,,KY,,18960,18-960
2036,,,,TX,,45651,45-651
2037,,,,AR,,04630,04-630
2038,,,,54,,54230,54-230
2039,,,,KS,,17985,17-985
204,,,,IN,,15280,15-280
2040,,,,OK,,37350,37-350
2041,,,,VA,,49850,49-850
2042,,,,MN,,24420,24-420
2043,,,,IL,,14100,14-100
2044,,,,54,,54530,54-530
2045,,,,NJ,,31180,31-180
2046,,,,KS,,17070,17-070
2047,,,,OH,,36500,36-500
2048,,,,TX,,45891,45-891
2049,,,,IL,,14770,14-770
205,,,,WV,,51180,51-180
2050,,,,MS,,25800,25-800
2051,,,,GA,,11750,11-750
2052,,,,VA,,49360,49-360
2053,,,,MS,,25640,25-640
2054,,,,IN,,15740,15-740
2055,,,,IN,,15320,15-320
2056,,,,MO,,26985,26-985
2057,,,,NM,,32250,32-250
2058,,,,MS,,25480,25-480
2059,,,,IA,,16390,16-390
206,,,,KY,,18830,18-830
2060,,,,IL,,14590,14-590
2061,,,,FL,,10600,10-600
2062,,,,IL,,14710,14-710
2063,,,,OH,,36040,36-040
2064,,,,VA,,49342,49-342
2065,,,,TX,,45230,45-230
2066,,,,IA,,16980,16-980
2067,,,,AL,,01430,01-430
2068,,,,TX,,45840,45-840
2069,,,,NM,,32040,32-040
207,,,,NY,,33750,33-750
2070,,,,VA,,49900,49-900
2071,,,,IA,,16280,16-280
2072,,,,KY,,18340,18-340
2073,,,,MN,,24310,24-310
2074,,,,WA,,50030,50-030
2075,,,,SC,,42040,42-040
2076,,,,MI,,23300,23-300
2077,,,,IL,,14030,14-030
2078,,,,NJ,,31250,31-250
2079,,,,MS,,25410,25-410
208,,,,MA,,22130,22-130
2080,,,,NC,,34900,34-900
2081,,,,SD,,43380,43-380
2082,,,,OH,,36390,36-390
2083,,,,GA,,11835,11-835
2084,,,,MN,,24220,24-220
2085,,,,VA,,49670,49-670
2086,,,,VA,,49930,49-930
2087,,,,MO,,26992,26-992
2088,,,,CA,,05050,05-050
2089,,,,54,,54260,54-260
209,,,,TX,,45530,45-530
2090,,,,MO,,26800,26-800
2091,,,,NE,,28690,28-690
2092,,,,AR,,04170,04-170
2093,,,,NM,,32140,32-140
2094,,,,IA,,16660,16-660
2095,,,,KS,,17130,17-130
2096,,,,TX,,45020,45-020
2097,,,,MO,,26984,26-984
2098,,,,CO,,06320,06-320
2099,,,,MN,,24510,24-510
21,,,,MS,,25350,25-350
210,,,,TX,,45860,45-860
2100,,,,ID,,13290,13-290
2101,,,,ID,,13430,13-430
2102,,,,OH,,36700,36-700
2103,,,,VA,,49340,49-340
2104,,,,WI,,52330,52-330
2105,,,,GA,,11740,11-740
2106,,,,UT,,46080,46-080
2107,,,,IN,,15490,15-490
2108,,,,ND,,35200,35-200
2109,,,,MN,,24600,24-600
211,,,,SD,,43490,43-490
2110,,,,IL,,14790,14-790
2111,,,,NC,,34390,34-390
2112,,,,NC,,34970,34-970
2113,,,,ND,,35290,35-290
2114,,,,UT,,46190,46-190
2115,,,,IL,,14985,14-985
2116,,,,NY,,33680,33-680
2117,,,,MI,,23520,23-520
2118,,,,WI,,52570,52-570
2119,,,,MN,,24740,24-740
212,,,,IN,,15810,15-810
2120,,,,OK,,37460,37-460
2121,,,,54,,54210,54-210
2122,,,,MN,,24230,24-230
2123,,,,GA,,11590,11-590
2124,,,,TX,,45711,45-711
2125,,,,AR,,04230,04-230
2126,,,,OK,,37530,37-530
2127,,,,MN,,24770,24-770
2128,,,,LA,,19560,19-560
2129,,,,AL,,01200,01-200
213,,,,NJ,,31310,31-310
2130,,,,ND,,35330,35-330
2131,,,,MI,,23360,23-360
2132,,,,WI,,52210,52-210
2133,,,,VA,,49690,49-690
2134,,,,LA,,19060,19-060
2135,,,,MA,,22030,22-030
2136,,,,IL,,14110,14-110
2137,,,,ND,,35220,35-220
2138,,,,IN,,15820,15-820
2139,,,,AR,,04530,04-530
214,,,,OK,,37540,37-540
2140,,,,54,,54550,54-550
2141,,,,WV,,51000,51-000
2142,,,,IA,,16290,16-290
2143,,,,NC,,34540,34-540
2144,,,,IL,,14690,14-690
2145,,,,MS,,25670,25-670
2146,,,,SC,,42190,42-190
2147,,,,NE,,28450,28-450
2148,,,,PA,,39310,39-310
2149,,,,UT,,46000,46-000
215,,,,VT,,47030,47-030
2150,,,,PA,,39410,39-410
2151,,,,VA,,49561,49-561
2152,,,,GA,,11220,11-220
2153,,,,WI,,52070,52-070
2154,,,,TX,,45251,45-251
2155,,,,VA,,49370,49-370
2156,,,,KY,,18931,18-931
2157,,,,OH,,36610,36-610
2158,,,,AR,,04540,04-540
2159,,,,ID,,13320,13-320
216,,,,VA,,49130,49-130
2160,,,,NC,,34360,34-360
2161,,,,ID,,13280,13-280
2162,,,,TX,,45875,45-875
2163,,,,GA,,11080,11-080
2164,,,,MO,,26080,26-080
2165,,,,TN,,44710,44-710
2166,,,,MD,,21170,21-170
2167,,,,TN,,44570,44-570
2168,,,,MN,,24070,24-070
2169,,,,WV,,51320,51-320
217,,,,SC,,42050,42-050
2170,,,,IL,,14520,14-520
2171,,,,54,,54730,54-730
2172,,,,NY,,33210,33-210
2173,,,,UT,,46070,46-070
2174,,,,TX,,45771,45-771
2175,,,,NC,,34030,34-030
2176,,,,TX,,45884,45-884
2177,,,,TN,,44020,44-020
2178,,,,LA,,19190,19-190
2179,,,,MN,,24730,24-730
218,,,,KS,,17450,17-450
2180,,,,TX,,45563,45-563
2181,,,,MT,,27520,27-520
2182,,,,VA,,49838,49-838
2183,,,,SD,,43330,43-330
2184,,,,IA,,16790,16-790
2185,,,,VA,,49961,49-961
2186,,,,VA,,49610,49-610
2187,,,,VT,,47050,47-050
2188,,,,NE,,28190,28-190
2189,,,,TN,,44920,44-920
219,,,,MS,,25050,25-050
2190,,,,UT,,46130,46-130
2191,,,,OK,,37080,37-080
2192,,,,CO,,06430,06-430
2193,,,,OH,,36360,36-360
2194,,,,WI,,52240,52-240
2195,,,,54,,54450,54-450
2196,,,,NM,,32160,32-160
2197,,,,OH,,36350,36-350
2198,,,,54,,54380,54-380
2199,,,,TX,,45110,45-110
22,,,,NM,,32000,32-000
220,,,,CA,,05080,05-080
2200,,,,UT,,46060,46-060
2201,,,,SD,,43170,43-170
2202,,,,WV,,51480,51-480
2203,,,,WI,,52460,52-460
2204,,,,MO,,26994,26-994
2205,,,,MI,,23060,23-060
2206,,,,SD,,43410,43-410
2207,,,,WV,,51210,51-210
2208,,,,WV,,51030,51-030
2209,,,,GA,,11885,11-885
221,,,,SC,,42200,42-200
2210,,,,MO,,26370,26-370
2211,,,,MI,,23130,23-130
2212,,,,MT,,27200,27-200
2213,,,,MO,,26620,26-620
2214,,,,ND,,35440,35-440
2215,,,,TX,,45280,45-280
2216,,,,MI,,23670,23-670
2217,,,,GA,,11591,11-591
2218,,,,KS,,17680,17-680
2219,,,,OH,,36430,36-430
222,,,,NJ,,31150,31-150
2220,,,,MI,,23280,23-280
2221,,,,AL,,01000,01-000
2222,,,,NM,,32110,32-110
2223,,,,WV,,51500,51-500
2224,,,,OH,,36190,36-190
2225,,,,MO,,26870,26-870
2226,,,,NC,,34580,34-580
2227,,,,NC,,34010,34-010
2228,,,,IL,,14460,14-460
2229,,,,VA,,49951,49-951
223,,,,TX,,45948,45-948
2230,,,,KS,,17300,17-300
2231,,,,KY,,18240,18-240
2232,,,,NM,,32090,32-090
2233,,,,PA,,39580,39-580
2234,,,,OH,,36100,36-100
2235,,,,MO,,26590,26-590
2236,,,,AL,,01450,01-450
2237,,,,KY,,18362,18-362
2238,,,,CO,,06040,06-040
2239,,,,NH,,30260,30-260
224,,,,WI,,52170,52-170
2240,,,,SC,,42020,42-020
2241,,,,MI,,23650,23-650
2242,,,,TX,,45952,45-952
2243,,,,MS,,25210,25-210
2244,,,,CA,,05630,05-630
2245,,,,WI,,52090,52-090
2246,,,,TX,,45947,45-947
2247,,,,IL,,14987,14-987
2248,,,,IA,,16780,16-780
2249,,,,MI,,23740,23-740
225,,,,IL,,14510,14-510
2250,,,,GA,,11580,11-580
2251,,,,GA,,11950,11-950
2252,,,,GA,,11450,11-450
2253,,,,TX,,45210,45-210
2254,,,,IA,,16520,16-520
2255,,,,KY,,18450,18-450
2256,,,,CO,,06530,06-530
2257,,,,OK,,37310,37-310
2258,,,,MS,,25080,25-080
2259,,,,CO,,06590,06-590
226,,,,NJ,,31320,31-320
2260,,,,KS,,17170,17-170
2261,,,,OK,,37420,37-420
2262,,,,ID,,13330,13-330
2263,,,,KS,,17950,17-950
2264,,,,TX,,45842,45-842
2265,,,,LA,,19410,19-410
2266,,,,TX,,45797,45-797
2267,,,,FL,,10640,10-640
2268,,,,IA,,16640,16-640
2269,,,,WI,,52560,52-560
227,,,,NC,,34590,34-590
2270,,,,VA,,49867,49-867
2271,,,,AL,,01330,01-330
2272,,,,AR,,04080,04-080
2273,,,,ID,,13010,13-010
2274,,,,NC,,34160,34-160
2275,,,,VA,,49210,49-210
2276,,,,GA,,11441,11-441
2277,,,,GA,,11200,11-200
2278,,,,IA,,16700,16-700
2279,,,,GA,,11670,11-670
228,,,,FL,,10250,10-250
2280,,,,KY,,18640,18-640
2281,,,,TN,,44900,44-900
2282,,,,IA,,16830,16-830
2283,,,,WA,,50340,50-340
2284,,,,KS,,17440,17-440
2285,,,,MI,,23290,23-290
2286,,,,MN,,24590,24-590
2287,,,,TX,,45170,45-170
2288,,,,MO,,26730,26-730
2289,,,,TN,,44470,44-470
229,,,,FL,,10350,10-350
2290,,,,MS,,25720,25-720
2291,,,,MS,,25810,25-810
2292,,,,ND,,35050,35-050
2293,,,,KS,,17510,17-510
2294,,,,VA,,49390,49-390
2295,,,,CO,,06220,06-220
2296,,,,MO,,26250,26-250
2297,,,,KY,,18530,18-530
2298,,,,54,,54280,54-280
2299,,,,VA,,49460,49-460
23,,,,IL,,14580,14-580
230,,,,PA,,39080,39-080
2300,,,,MO,,26996,26-996
2301,,,,MT,,27090,27-090
2302,,,,TX,,45800,45-800
2303,,,,UT,,46210,46-210
2304,,,,SD,,43050,43-050
2305,,,,MN,,24030,24-030
2306,,,,MN,,24280,24-280
2307,,,,KS,,17920,17-920
2308,,,,KS,,17982,17-982
2309,,,,TX,,45420,45-420
231,,,,MI,,23240,23-240
2310,,,,KS,,17140,17-140
2311,,,,ID,,13100,13-100
2312,,,,NC,,34680,34-680
2313,,,,WA,,50110,50-110
2314,,,,ND,,35150,35-150
2315,,,,IL,,14440,14-440
2316,,,,TX,,45871,45-871
2317,,,,MS,,25500,25-500
2318,,,,IN,,15380,15-380
2319,,,,TX,,45281,45-281
232,,,,TX,,45885,45-885
2320,,,,WY,,53150,53-150
2321,,,,TX,,45690,45-690
2322,,,,OH,,36570,36-570
2323,,,,MN,,24210,24-210
2324,,,,MN,,24470,24-470
2325,,,,WI,,52260,52-260
2326,,,,CO,,06100,06-100
2327,,,,MN,,24250,24-250
2328,,,,MT,,27380,27-380
2329,,,,MT,,27050,27-050
233,,,,GA,,11921,11-921
2330,,,,VA,,49250,49-250
2331,,,,MI,,23560,23-560
2332,,,,IA,,16610,16-610
2333,,,,MN,,24110,24-110
2334,,,,SC,,42430,42-430
2335,,,,WV,,51510,51-510
2336,,,,OR,,38180,38-180
2337,,,,WY,,53160,53-160
2338,,,,IN,,15710,15-710
2339,,,,KS,,17280,17-280
234,,,,NH,,30060,30-060
2340,,,,MS,,25680,25-680
2341,,,,AK,,02070,02-070
2342,,,,FL,,10030,10-030
2343,,,,NC,,34370,34-370
2344,,,,GA,,11350,11-350
2345,,,,MT,,27460,27-460
2346,,,,KS,,17730,17-730
2347,,,,VA,,49560,49-560
2348,,,,GA,,11620,11-620
2349,,,,KY,,18150,18-150
235,,,,AZ,,03120,03-120
2350,,,,KY,,18978,18-978
2351,,,,OK,,37750,37-750
2352,,,,AL,,01640,01-640
2353,,,,SD,,43560,43-560
2354,,,,SC,,42340,42-340
2355,,,,IL,,14070,14-070
2356,,,,AR,,04050,04-050
2357,,,,TX,,45893,45-893
2358,,,,PA,,39700,39-700
2359,,,,WV,,51150,51-150
236,,,,IA,,16100,16-100
2360,,,,GA,,11860,11-860
2361,,,,VA,,49110,49-110
2362,,,,MO,,26600,26-600
2363,,,,GA,,11810,11-810
2364,,,,VA,,49111,49-111
2365,,,,ND,,35400,35-400
2366,,,,KS,,17590,17-590
2367,,,,IA,,16190,16-190
2368,,,,SC,,42240,42-240
2369,,,,OH,,36640,36-640
237,,,,CA,,05460,05-460
2370,,,,OK,,37170,37-170
2371,,,,NH,,30470,30-470
2372,,,,CA,,05320,05-320
2373,,,,MO,,26601,26-601
2374,,,,NE,,28890,28-890
2375,,,,OK,,37210,37-210
2376,,,,TN,,44330,44-330
2377,,,,AL,,01590,01-590
2378,,,,MO,,26960,26-960
2379,,,,WY,,53040,53-040
238,,,,AR,,04590,04-590
2380,,,,KS,,17360,17-360
2381,,,,KY,,18979,18-979
2382,,,,NE,,28160,28-160
2383,,,,TX,,45782,45-782
2384,,,,IA,,16580,16-580
2385,,,,ND,,35040,35-040
2386,,,,NE,,28060,28-060
2387,,,,GA,,11971,11-971
2388,,,,KS,,17600,17-600
2389,,,,TX,,45785,45-785
239,,,,FL,,10090,10-090
2390,,,,NY,,33670,33-670
2391,,,,MT,,27470,27-470
2392,,,,MS,,25580,25-580
2393,,,,LA,,19320,19-320
2394,,,,VA,,49712,49-712
2395,,,,ID,,13200,13-200
2396,,,,MT,,27230,27-230
2397,,,,IL,,14981,14-981
2398,,,,54,,54770,54-770
2399,,,,GA,,11702,11-702
24,,,,NC,,34350,34-350
240,,,,TX,,45410,45-410
2400,,,,GA,,11972,11-972
2401,,,,AK,,02130,02-130
2402,,,,KS,,17820,17-820
2403,,,,WY,,53220,53-220
2404,,,,MO,,26300,26-300
2405,,,,NE,,28310,28-310
2406,,,,TX,,45551,45-551
2407,,,,MS,,25010,25-010
2408,,,,WV,,51130,51-130
2409,,,,AR,,04610,04-610
241,,,,NY,,33910,33-910
2410,,,,NE,,28490,28-490
2411,,,,FL,,10610,10-610
2412,,,,VA,,49540,49-540
2413,,,,MT,,27440,27-440
2414,,,,SD,,43610,43-610
2415,,,,NC,,34981,34-981
2416,,,,MI,,23480,23-480
2417,,,,WV,,51120,51-120
2418,,,,NM,,32131,32-131
2419,,,,OK,,37340,37-340
242,,,,ND,,35240,35-240
2420,,,,VA,,49570,49-570
2421,,,,NE,,28900,28-900
2422,,,,LA,,19010,19-010
2423,,,,GA,,11832,11-832
2424,,,,TX,,45680,45-680
2425,,,,IN,,15910,15-910
2426,,,,SD,,43680,43-680
2427,,,,TN,,44030,44-030
2428,,,,IN,,15900,15-900
2429,,,,MO,,26983,26-983
243,,,,IL,,14250,14-250
2430,,,,TX,,45951,45-951
2431,,,,VA,,49522,49-522
2432,,,,SD,,43360,43-360
2433,,,,WA,,50060,50-060
2434,,,,KS,,17180,17-180
2435,,,,54,,54880,54-880
2436,,,,KY,,18987,18-987
2437,,,,GA,,11160,11-160
2438,,,,ND,,35000,35-000
2439,,,,54,,54750,54-750
244,,,,TN,,44780,44-780
2440,,,,CO,,06570,06-570
2441,,,,IA,,16000,16-000
2442,,,,54,,54410,54-410
2443,,,,IL,,14600,14-600
2444,,,,54,,54290,54-290
2445,,,,PA,,39690,39-690
2446,,,,ND,,35280,35-280
2447,,,,LA,,19050,19-050
2448,,,,ME,,20030,20-030
2449,,,,KY,,18140,18-140
245,,,,KY,,18720,18-720
2450,,,,NE,,28630,28-630
2451,,,,SD,,43640,43-640
2452,,,,PA,,39360,39-360
2453,,,,TX,,45490,45-490
2454,,,,NE,,28090,28-090
2455,,,,OH,,36540,36-540
2456,,,,54,,54470,54-470
2457,,,,MT,,27330,27-330
2458,,,,ND,,35310,35-310
2459,,,,SD,,43180,43-180
246,,,,MS,,25710,25-710
2460,,,,KS,,17650,17-650
2461,,,,ND,,35390,35-390
2462,,,,TX,,45772,45-772
2463,,,,MS,,25490,25-490
2464,,,,VA,,49621,49-621
2465,,,,OK,,37590,37-590
2466,,,,MS,,25790,25-790
2467,,,,MN,,24660,24-660
2468,,,,AK,,02200,02-200
2469,,,,IL,,14880,14-880
247,,,,RI,,41010,41-010
2470,,,,OK,,37630,37-630
2471,,,,MI,,23470,23-470
2472,,,,CO,,06480,06-480
2473,,,,IA,,16400,16-400
2474,,,,MT,,27490,27-490
2475,,,,UT,,46200,46-200
2476,,,,VA,,49510,49-510
2477,,,,OK,,37490,37-490
2478,,,,WY,,53190,53-190
2479,,,,AK,,02210,02-210
248,,,,CO,,06200,06-200
2480,,,,ID,,13210,13-210
2481,,,,MT,,27080,27-080
2482,,,,FL,,10330,10-330
2483,,,,CO,,06160,06-160
2484,,,,MO,,26660,26-660
2485,,,,TN,,44640,44-640
2486,,,,VA,,49080,49-080
2487,,,,KY,,18690,18-690
2488,,,,IA,,16310,16-310
2489,,,,TX,,45874,45-874
249,,,,MI,,23490,23-490
2490,,,,TX,,45582,45-582
2491,,,,KY,,18260,18-260
2492,,,,GA,,11581,11-581
2493,,,,IL,,14830,14-830
2494,,,,AL,,01110,01-110
2495,,,,MO,,26751,26-751
2496,,,,TN,,44110,44-110
2497,,,,VA,,49328,49-328
2498,,,,LA,,19240,19-240
2499,,,,IA,,16800,16-800
25,,,,AZ,,03090,03-090
250,,,,FL,,10590,10-590
2500,,,,OK,,37760,37-760
2501,,,,TX,,45803,45-803
2502,,,,IA,,16470,16-470
2503,,,,WV,,51260,51-260
2504,,,,AK,,02240,02-240
2505,,,,TN,,44760,44-760
2506,,,,TX,,45380,45-380
2507,,,,TX,,45972,45-972
2508,,,,WA,,50370,50-370
2509,,,,TN,,44510,44-510
251,,,,NY,,33620,33-620
2510,,,,IA,,16730,16-730
2511,,,,NE,,28250,28-250
2512,,,,IA,,16080,16-080
2513,,,,MS,,25360,25-360
2514,,,,AZ,,03050,03-050
2515,,,,MO,,26860,26-860
2516,,,,IA,,16940,16-940
2517,,,,AK,,02050,02-050
2518,,,,AL,,01140,01-140
2519,,,,MS,,25260,25-260
252,,,,MI,,23230,23-230
2520,,,,IA,,16650,16-650
2521,,,,OK,,37740,37-740
2522,,,,MS,,25390,25-390
2523,,,,54,,54180,54-180
2524,,,,IA,,16140,16-140
2525,,,,TX,,45662,45-662
2526,,,,MA,,22120,22-120
2527,,,,IN,,15640,15-640
2528,,,,GA,,11381,11-381
2529,,,,IN,,15760,15-760
253,,,,FL,,10400,10-400
2530,,,,UT,,46250,46-250
2531,,,,AL,,01370,01-370
2532,,,,SD,,43120,43-120
2533,,,,MI,,23260,23-260
2534,,,,IL,,14820,14-820
2535,,,,FL,,10180,10-180
2536,,,,AR,,04380,04-380
2537,,,,KS,,17570,17-570
2538,,,,MO,,26170,26-170
2539,,,,NE,,28300,28-300
254,,,,LA,,19160,19-160
2540,,,,LA,,19400,19-400
2541,,,,NC,,34070,34-070
2542,,,,WV,,51360,51-360
2543,,,,IA,,16490,16-490
2544,,,,TN,,44130,44-130
2545,,,,WV,,51370,51-370
2546,,,,TN,,44690,44-690
2547,,,,SD,,43460,43-460
2548,,,,GA,,11680,11-680
2549,,,,IL,,14420,14-420
255,,,,FL,,10190,10-190
2550,,,,NE,,28120,28-120
2551,,,,KS,,17550,17-550
2552,,,,MO,,26390,26-390
2553,,,,VA,,49590,49-590
2554,,,,NV,,29060,29-060
2555,,,,VT,,47060,47-060
2556,,,,WY,,53200,53-200
2557,,,,NH,,30020,30-020
2558,,,,CO,,06080,06-080
2559,,,,MS,,25250,25-250
256,,,,IL,,14800,14-800
2560,,,,GA,,11651,11-651
2561,,,,KY,,18770,18-770
2562,,,,WI,,52381,52-381
2563,,,,MO,,26810,26-810
2564,,,,VA,,49212,49-212
2565,,,,TN,,44680,44-680
2566,,,,SC,,42260,42-260
2567,,,,KY,,18120,18-120
2568,,,,GA,,11820,11-820
2569,,,,VA,,49701,49-701
257,,,,VA,,49430,49-430
2570,,,,WI,,52280,52-280
2571,,,,AR,,04240,04-240
2572,,,,TX,,45660,45-660
2573,,,,TN,,44200,44-200
2574,,,,AR,,04310,04-310
2575,,,,MO,,26630,26-630
2576,,,,MI,,23590,23-590
2577,,,,WV,,51430,51-430
2578,,,,IN,,15120,15-120
2579,,,,TX,,45250,45-250
258,,,,LA,,19020,19-020
2580,,,,KY,,18630,18-630
2581,,,,SD,,43320,43-320
2582,,,,TX,,45740,45-740
2583,,,,IA,,16330,16-330
2584,,,,CO,,06600,06-600
2585,,,,IL,,14340,14-340
2586,,,,AR,,04560,04-560
2587,,,,WI,,52470,52-470
2588,,,,WI,,52230,52-230
2589,,,,AR,,04520,04-520
259,,,,TX,,45758,45-758
2590,,,,MO,,26440,26-440
2591,,,,GA,,11380,11-380
2592,,,,MN,,24860,24-860
2593,,,,WA,,50090,50-090
2594,,,,LA,,19450,19-450
2595,,,,SD,,43160,43-160
2596,,,,AL,,01170,01-170
2597,,,,MS,,25420,25-420
2598,,,,OH,,36830,36-830
2599,,,,SD,,43040,43-040
26,,,,54,,54000,54-000
260,,,,CA,,05440,05-440
2600,,,,VA,,49211,49-211
2601,,,,AR,,04680,04-680
2602,,,,KY,,18831,18-831
2603,,,,KY,,18650,18-650
2604,,,,SD,,43230,43-230
2605,,,,PA,,39240,39-240
2606,,,,CA,,05450,05-450
2607,,,,LA,,19370,19-370
2608,,,,KS,,17870,17-870
2609,,,,ND,,35010,35-010
261,,,,MS,,25600,25-600
2610,,,,MI,,23050,23-050
2611,,,,LA,,19460,19-460
2612,,,,KY,,18030,18-030
2613,,,,MO,,26330,26-330
2614,,,,LA,,19630,19-630
2615,,,,54,,54670,54-670
2616,,,,NE,,28170,28-170
2617,,,,AK,,02150,02-150
2618,,,,GA,,11650,11-650
2619,,,,NC,,34860,34-860
262,,,,NY,,33800,33-800
2620,,,,KS,,17100,17-100
2621,,,,ID,,13030,13-030
2622,,,,FL,,10010,10-010
2623,,,,LA,,19290,19-290
2624,,,,MN,,24520,24-520
2625,,,,AR,,04190,04-190
2626,,,,AR,,04260,04-260
2627,,,,ND,,35130,35-130
2628,,,,GA,,11881,11-881
2629,,,,WI,,52010,52-010
263,,,,PA,,39290,39-290
2630,,,,TX,,45755,45-755
2631,,,,MI,,23010,23-010
2632,,,,TX,,45753,45-753
2633,,,,CO,,06400,06-400
2634,,,,OK,,37220,37-220
2635,,,,IL,,14984,14-984
2636,,,,NC,,34710,34-710
2637,,,,IA,,16410,16-410
2638,,,,TN,,44400,44-400
2639,,,,SD,,43030,43-030
264,,,,ME,,20020,20-020
2640,,,,SD,,43210,43-210
2641,,,,MO,,26290,26-290
2642,,,,GA,,11652,11-652
2643,,,,MO,,26190,26-190
2644,,,,NE,,28640,28-640
2645,,,,FL,,10290,10-290
2646,,,,MS,,25200,25-200
2647,,,,MO,,26400,26-400
2648,,,,TX,,45000,45-000
2649,,,,SD,,43530,43-530
265,,,,MN,,24650,24-650
2650,,,,TX,,45113,45-113
2651,,,,NV,,29130,29-130
2652,,,,MO,,26780,26-780
2653,,,,OK,,37020,37-020
2654,,,,ND,,35230,35-230
2655,,,,NY,,33010,33-010
2656,,,,ND,,35480,35-480
2657,,,,MO,,26010,26-010
2658,,,,KY,,18190,18-190
2659,,,,ND,,35270,35-270
266,,,,IN,,15180,15-180
2660,,,,WV,,51470,51-470
2661,,,,NE,,28870,28-870
2662,,,,KS,,17120,17-120
2663,,,,CO,,06360,06-360
2664,,,,IA,,16380,16-380
2665,,,,MO,,26000,26-000
2666,,,,NC,,34380,34-380
2667,,,,IA,,16670,16-670
2668,,,,KY,,18980,18-980
2669,,,,AL,,01300,01-300
267,,,,OK,,37180,37-180
2670,,,,LA,,19330,19-330
2671,,,,MN,,24370,24-370
2672,,,,OH,,36550,36-550
2673,,,,KS,,17330,17-330
2674,,,,54,,54610,54-610
2675,,,,TX,,45540,45-540
2676,,,,UT,,46140,46-140
2677,,,,WI,,52320,52-320
2678,,,,WA,,50210,50-210
2679,,,,MS,,25510,25-510
268,,,,FL,,10510,10-510
2680,,,,MT,,27250,27-250
2681,,,,LA,,19420,19-420
2682,,,,NY,,33340,33-340
2683,,,,AR,,04200,04-200
2684,,,,NC,,34210,34-210
2685,,,,MO,,26160,26-160
2686,,,,SD,,43390,43-390
2687,,,,KY,,18670,18-670
2688,,,,ND,,35360,35-360
2689,,,,TN,,44190,44-190
269,,,,OK,,37730,37-730
2690,,,,NC,,34920,34-920
2691,,,,WI,,52250,52-250
2692,,,,OK,,37260,37-260
2693,,,,IA,,16120,16-120
2694,,,,OK,,37280,37-280
2695,,,,AK,,02220,02-220
2696,,,,ND,,35510,35-510
2697,,,,GA,,11962,11-962
2698,,,,GA,,11601,11-601
2699,,,,ND,,35090,35-090
27,,,,OR,,38010,38-010
270,,,,VA,,49000,49-000
2700,,,,OK,,37470,37-470
2701,,,,MI,,23350,23-350
2702,,,,NE,,28730,28-730
2703,,,,MN,,24640,24-640
2704,,,,AR,,04660,04-660
2705,,,,OK,,37690,37-690
2706,,,,MO,,26200,26-200
2707,,,,TX,,45321,45-321
2708,,,,NV,,29070,29-070
2709,,,,WY,,53050,53-050
271,,,,NY,,33030,33-030
2710,,,,KS,,17980,17-980
2711,,,,IN,,15150,15-150
2712,,,,TX,,45520,45-520
2713,,,,AR,,04060,04-060
2714,,,,VA,,49180,49-180
2715,,,,SD,,43340,43-340
2716,,,,AL,,01650,01-650
2717,,,,IA,,16820,16-820
2718,,,,TN,,44630,44-630
2719,,,,TX,,45531,45-531
272,,,,GA,,11421,11-421
2720,,,,IN,,15130,15-130
2721,,,,AL,,01310,01-310
2722,,,,MT,,27280,27-280
2723,,,,OK,,37040,37-040
2724,,,,ID,,13420,13-420
2725,,,,SD,,43250,43-250
2726,,,,TN,,44580,44-580
2727,,,,KS,,17530,17-530
2728,,,,MI,,23760,23-760
2729,,,,TX,,45654,45-654
273,,,,GA,,11550,11-550
2730,,,,ME,,20100,20-100
2731,,,,MS,,25780,25-780
2732,,,,54,,54360,54-360
2733,,,,VA,,49030,49-030
2734,,,,CO,,06460,06-460
2735,,,,KS,,17970,17-970
2736,,,,IA,,16600,16-600
2737,,,,CO,,06300,06-300
2738,,,,IA,,16200,16-200
2739,,,,CA,,05130,05-130
274,,,,IL,,14350,14-350
2740,,,,IA,,16710,16-710
2741,,,,NM,,32290,32-290
2742,,,,WA,,50000,50-000
2743,,,,AR,,04480,04-480
2744,,,,ID,,13350,13-350
2745,,,,IL,,14390,14-390
2746,,,,GA,,11170,11-170
2747,,,,54,,54740,54-740
2748,,,,SD,,43500,43-500
2749,,,,MD,,21050,21-050
275,,,,IN,,15190,15-190
2750,,,,LA,,19030,19-030
2751,,,,TX,,45751,45-751
2752,,,,GA,,11720,11-720
2753,,,,54,,54710,54-710
2754,,,,NE,,28800,28-800
2755,,,,LA,,19140,19-140
2756,,,,LA,,19210,19-210
2757,,,,AR,,04400,04-400
2758,,,,MS,,25090,25-090
2759,,,,GA,,11830,11-830
276,,,,MD,,21020,21-020
2760,,,,SD,,43570,43-570
2761,,,,IA,,16250,16-250
2762,,,,NE,,28290,28-290
2763,,,,KY,,18974,18-974
2764,,,,VA,,49400,49-400
2765,,,,KY,,18220,18-220
2766,,,,CA,,05560,05-560
2767,,,,MO,,26987,26-987
2768,,,,LA,,19260,19-260
2769,,,,WV,,51450,51-450
277,,,,WI,,52050,52-050
2770,,,,AR,,04500,04-500
2771,,,,VA,,49960,49-960
2772,,,,MO,,26120,26-120
2773,,,,GA,,11341,11-341
2774,,,,GA,,11691,11-691
2775,,,,MT,,27450,27-450
2776,,,,TX,,45592,45-592
2777,,,,54,,54660,54-660
2778,,,,NE,,28480,28-480
2779,,,,MO,,26410,26-410
278,,,,OR,,38140,38-140
2780,,,,VA,,49240,49-240
2781,,,,MO,,26981,26-981
2782,,,,CO,,06510,06-510
2783,,,,IN,,15790,15-790
2784,,,,AR,,04490,04-490
2785,,,,TX,,45982,45-982
2786,,,,MT,,27220,27-220
2787,,,,NE,,28200,28-200
2788,,,,KY,,18975,18-975
2789,,,,TX,,45583,45-583
279,,,,TN,,44460,44-460
2790,,,,WV,,51330,51-330
2791,,,,KY,,18590,18-590
2792,,,,TX,,45921,45-921
2793,,,,NE,,28880,28-880
2794,,,,OK,,37580,37-580
2795,,,,NE,,28410,28-410
2796,,,,IN,,15620,15-620
2797,,,,MO,,26690,26-690
2798,,,,MN,,24050,24-050
2799,,,,KY,,18310,18-310
28,,,,ME,,20130,20-130
280,,,,MO,,26820,26-820
2800,,,,VA,,49220,49-220
2801,,,,AZ,,03055,03-055
2802,,,,MN,,24830,24-830
2803,,,,TX,,45270,45-270
2804,,,,IA,,16450,16-450
2805,,,,CO,,06070,06-070
2806,,,,KS,,17370,17-370
2807,,,,IN,,15220,15-220
2808,,,,SD,,43470,43-470
2809,,,,LA,,19100,19-100
281,,,,CO,,06150,06-150
2810,,,,MO,,26220,26-220
2811,,,,IA,,16860,16-860
2812,,,,CO,,06630,06-630
2813,,,,TX,,45300,45-300
2814,,,,GA,,11801,11-801
2815,,,,54,,54040,54-040
2816,,,,IL,,14421,14-421
2817,,,,AL,,01130,01-130
2818,,,,MN,,24140,24-140
2819,,,,IL,,14380,14-380
282,,,,CA,,05340,05-340
2820,,,,NE,,28220,28-220
2821,,,,MN,,24040,24-040
2822,,,,GA,,11281,11-281
2823,,,,KY,,18421,18-421
2824,,,,TX,,45804,45-804
2825,,,,IL,,14410,14-410
2826,,,,GA,,11690,11-690
2827,,,,MN,,24320,24-320
2828,,,,54,,54580,54-580
2829,,,,KS,,17540,17-540
283,,,,OH,,36450,36-450
2830,,,,KY,,18511,18-511
2831,,,,MT,,27040,27-040
2832,,,,ND,,35210,35-210
2833,,,,GA,,11230,11-230
2834,,,,KS,,17700,17-700
2835,,,,TX,,45913,45-913
2836,,,,NE,,28110,28-110
2837,,,,OK,,37520,37-520
2838,,,,CO,,06270,06-270
2839,,,,IA,,16270,16-270
284,,,,NH,,30040,30-040
2840,,,,SD,,43350,43-350
2841,,,,VA,,49141,49-141
2842,,,,KS,,17010,17-010
2843,,,,GA,,11941,11-941
2844,,,,TX,,45500,45-500
2845,,,,TX,,45040,45-040
2846,,,,SD,,43550,43-550
2847,,,,IN,,15500,15-500
2848,,,,SD,,43070,43-070
2849,,,,NE,,28500,28-500
285,,,,MS,,25440,25-440
2850,,,,AR,,04120,04-120
2851,,,,GA,,11340,11-340
2852,,,,KS,,17720,17-720
2853,,,,NE,,28380,28-380
2854,,,,MO,,26360,26-360
2855,,,,GA,,11741,11-741
2856,,,,54,,54390,54-390
2857,,,,TX,,45223,45-223
2858,,,,TX,,45460,45-460
2859,,,,ND,,35340,35-340
286,,,,PA,,39140,39-140
2860,,,,OR,,38110,38-110
2861,,,,NM,,32010,32-010
2862,,,,NE,,28790,28-790
2863,,,,IA,,16550,16-550
2864,,,,KS,,17610,17-610
2865,,,,TX,,45330,45-330
2866,,,,MN,,24670,24-670
2867,,,,IN,,15550,15-550
2868,,,,FL,,10230,10-230
2869,,,,MO,,26700,26-700
287,,,,NY,,33370,33-370
2870,,,,AK,,02040,02-040
2871,,,,OK,,37640,37-640
2872,,,,SD,,43440,43-440
2873,,,,TX,,45311,45-311
2874,,,,SD,,43520,43-520
2875,,,,TX,,45391,45-391
2876,,,,NE,,28520,28-520
2877,,,,IA,,16920,16-920
2878,,,,NE,,28830,28-830
2879,,,,WA,,50290,50-290
288,,,,WY,,53120,53-120
2880,,,,TX,,45301,45-301
2881,,,,MS,,25650,25-650
2882,,,,CO,,06030,06-030
2883,,,,GA,,11611,11-611
2884,,,,TN,,44350,44-350
2885,,,,54,,54980,54-980
2886,,,,KS,,17760,17-760
2887,,,,TX,,45980,45-980
2888,,,,MN,,24530,24-530
2889,,,,MI,,23700,23-700
289,,,,IL,,14550,14-550
2890,,,,IN,,15510,15-510
2891,,,,KY,,18985,18-985
2892,,,,MN,,24580,24-580
2893,,,,MT,,27170,27-170
2894,,,,KS,,17984,17-984
2895,,,,TX,,45876,45-876
2896,,,,TX,,45430,45-430
2897,,,,KY,,18400,18-400
2898,,,,OK,,37370,37-370
2899,,,,OR,,38240,38-240
29,,,,OH,,36870,36-870
290,,,,SC,,42230,42-230
2900,,,,TX,,45392,45-392
2901,,,,TX,,45793,45-793
2902,,,,IL,,14860,14-860
2903,,,,MT,,27210,27-210
2904,,,,IA,,16680,16-680
2905,,,,IL,,14240,14-240
2906,,,,ND,,35120,35-120
2907,,,,IN,,15040,15-040
2908,,,,VA,,49620,49-620
2909,,,,SD,,43620,43-620
291,,,,NC,,34040,34-040
2910,,,,SC,,42080,42-080
2911,,,,KS,,17451,17-451
2912,,,,VA,,49790,49-790
2913,,,,IL,,14921,14-921
2914,,,,WY,,53090,53-090
2915,,,,AK,,02080,02-080
2916,,,,KS,,17030,17-030
2917,,,,OK,,37140,37-140
2918,,,,NE,,28530,28-530
2919,,,,NE,,28920,28-920
292,,,,54,,54150,54-150
2920,,,,ND,,35260,35-260
2921,,,,MO,,26881,26-881
2922,,,,ND,,35300,35-300
2923,,,,SD,,43090,43-090
2924,,,,GA,,11772,11-772
2925,,,,VA,,49100,49-100
2926,,,,WV,,51520,51-520
2927,,,,KS,,17640,17-640
2928,,,,TX,,45784,45-784
2929,,,,OH,,36590,36-590
293,,,,TX,,45722,45-722
2930,,,,KY,,18800,18-800
2931,,,,GA,,11880,11-880
2932,,,,NH,,30014,30-014
2933,,,,TX,,45802,45-802
2934,,,,KS,,17380,17-380
2935,,,,MT,,27300,27-300
2936,,,,KS,,17983,17-983
2937,,,,54,,54440,54-440
2938,,,,IL,,14320,14-320
2939,,,,ID,,13070,13-070
294,,,,WV,,51010,51-010
2940,,,,ND,,35060,35-060
2941,,,,NE,,28210,28-210
2942,,,,WI,,52450,52-450
2943,,,,VA,,49050,49-050
2944,,,,MT,,27030,27-030
2945,,,,MN,,24360,24-360
2946,,,,AK,,02260,02-260
2947,,,,NE,,28860,28-860
2948,,,,WI,,52490,52-490
2949,,,,IN,,15570,15-570
295,,,,IL,,14680,14-680
2950,,,,NV,,29080,29-080
2951,,,,KS,,17350,17-350
2952,,,,CO,,06250,06-250
2953,,,,TN,,44870,44-870
2954,,,,IL,,14060,14-060
2955,,,,NM,,32050,32-050
2956,,,,SD,,43150,43-150
2957,,,,VA,,49450,49-450
2958,,,,TX,,45831,45-831
2959,,,,GA,,11161,11-161
296,,,,KY,,18180,18-180
2960,,,,KS,,17190,17-190
2961,,,,NE,,28750,28-750
2962,,,,KY,,18971,18-971
2963,,,,GA,,11210,11-210
2964,,,,KS,,17160,17-160
2965,,,,IA,,16530,16-530
2966,,,,NE,,28810,28-810
2967,,,,NE,,28050,28-050
2968,,,,KS,,17810,17-810
2969,,,,GA,,11903,11-903
297,,,,GA,,11570,11-570
2970,,,,KS,,17430,17-430
2971,,,,NH,,30117,30-117
2972,,,,UT,,46120,46-120
2973,,,,CO,,06240,06-240
2974,,,,AL,,01520,01-520
2975,,,,VA,,49020,49-020
2976,,,,NE,,28080,28-080
2977,,,,NE,,28140,28-140
2978,,,,FL,,10380,10-380
2979,,,,ID,,13300,13-300
298,,,,GA,,11980,11-980
2980,,,,MT,,27500,27-500
2981,,,,UT,,46160,46-160
2982,,,,54,,54830,54-830
2983,,,,ID,,13380,13-380
2984,,,,KY,,18802,18-802
2985,,,,GA,,11330,11-330
2986,,,,NE,,28600,28-600
2987,,,,TX,,45886,45-886
2988,,,,MT,,27480,27-480
2989,,,,ND,,35180,35-180
299,,,,MN,,24750,24-750
2990,,,,GA,,11560,11-560
2991,,,,MN,,24430,24-430
2992,,,,TX,,45760,45-760
2993,,,,ID,,13180,13-180
2994,,,,KS,,17340,17-340
2995,,,,IN,,15850,15-850
2996,,,,IL,,14080,14-080
2997,,,,KY,,18930,18-930
2998,,,,OK,,37270,37-270
2999,,,,IL,,14040,14-040
3,,,,PA,,39280,39-280
30,,,,CA,,05090,05-090
300,,,,OK,,37500,37-500
3000,,,,NV,,29050,29-050
3001,,,,MS,,25180,25-180
3002,,,,GA,,11821,11-821
3003,,,,TN,,44410,44-410
3004,,,,MS,,25550,25-550
3005,,,,MN,,24340,24-340
3006,,,,KS,,17780,17-780
3007,,,,KY,,18271,18-271
3008,,,,IA,,16460,16-460
3009,,,,KY,,18020,18-020
301,,,,TN,,44220,44-220
3010,,,,AK,,02010,02-010
3011,,,,ND,,35140,35-140
3012,,,,KY,,18110,18-110
3013,,,,TX,,45950,45-950
3014,,,,TX,,45955,45-955
3015,,,,AK,,02230,02-230
3016,,,,54,,54890,54-890
3017,,,,KS,,17841,17-841
3018,,,,SD,,43200,43-200
3019,,,,CO,,06450,06-450
302,,,,TX,,45810,45-810
3020,,,,MS,,25310,25-310
3021,,,,NE,,28660,28-660
3022,,,,MT,,27390,27-390
3023,,,,UT,,46270,46-270
3024,,,,OK,,37110,37-110
3025,,,,GA,,11862,11-862
3026,,,,SD,,43420,43-420
3027,,,,54,,54540,54-540
3028,,,,TX,,45400,45-400
3029,,,,MS,,25020,25-020
303,,,,NC,,34830,34-830
3030,,,,IA,,16010,16-010
3031,,,,MT,,27070,27-070
3032,,,,IL,,14740,14-740
3033,,,,IA,,16350,16-350
3034,,,,SD,,43100,43-100
3035,,,,MN,,24500,24-500
3036,,,,54,,54001,54-001
3037,,,,NE,,28340,28-340
3038,,,,KS,,17670,17-670
3039,,,,GA,,11011,11-011
304,,,,AR,,04370,04-370
3040,,,,LA,,19170,19-170
3041,,,,NE,,28620,28-620
3042,,,,KS,,17230,17-230
3043,,,,NE,,28100,28-100
3044,,,,CA,,05770,05-770
3045,,,,GA,,11842,11-842
3046,,,,TX,,45887,45-887
3047,,,,CO,,06050,06-050
3048,,,,ND,,35420,35-420
3049,,,,MT,,27160,27-160
305,,,,TX,,45160,45-160
3050,,,,KY,,18900,18-900
3051,,,,TX,,45080,45-080
3052,,,,OK,,37030,37-030
3053,,,,GA,,11701,11-701
3054,,,,KS,,17981,17-981
3055,,,,TX,,45050,45-050
3056,,,,OK,,37120,37-120
3057,,,,TX,,45796,45-796
3058,,,,KY,,18973,18-973
3059,,,,MN,,24150,24-150
306,,,,PA,,39200,39-200
3060,,,,TX,,45844,45-844
3061,,,,NE,,28460,28-460
3062,,,,KS,,17960,17-960
3063,,,,KS,,17090,17-090
3064,,,,ID,,13110,13-110
3065,,,,MN,,24380,24-380
3066,,,,TX,,45744,45-744
3067,,,,TX,,45521,45-521
3068,,,,ND,,35100,35-100
3069,,,,MN,,24620,24-620
307,,,,MA,,22040,22-040
3070,,,,SD,,43590,43-590
3071,,,,OR,,38100,38-100
3072,,,,PA,,39340,39-340
3073,,,,KS,,17890,17-890
3074,,,,54,,54460,54-460
3075,,,,NE,,28070,28-070
3076,,,,LA,,19530,19-530
3077,,,,GA,,11770,11-770
3078,,,,VA,,49796,49-796
3079,,,,CA,,05360,05-360
308,,,,ME,,20040,20-040
3080,,,,TX,,45710,45-710
3081,,,,KY,,18361,18-361
3082,,,,CO,,06620,06-620
3083,,,,KY,,18740,18-740
3084,,,,AK,,02190,02-190
3085,,,,KS,,17500,17-500
3086,,,,LA,,19110,19-110
3087,,,,MT,,27430,27-430
3088,,,,CO,,06540,06-540
309,,,,IN,,15090,15-090
31,,,,FL,,10150,10-150
310,,,,PA,,39070,39-070
311,,,,WI,,52390,52-390
312,,,,WI,,52650,52-650
313,,,,IN,,15110,15-110
314,,,,PA,,39470,39-470
315,,,,SC,,42390,42-390
316,,,,IN,,15860,15-860
317,,,,VA,,49040,49-040
318,,,,TX,,45878,45-878
319,,,,NC,,34280,34-280
32,,,,KY,,18170,18-170
320,,,,MI,,23750,23-750
321,,,,OH,,36280,36-280
322,,,,WI,,52660,52-660
323,,,,AL,,01250,01-250
324,,,,FL,,10340,10-340
325,,,,NV,,29010,29-010
326,,,,VT,,47110,47-110
327,,,,OR,,38020,38-020
328,,,,NY,,33650,33-650
329,,,,FL,,10460,10-460
33,,,,NC,,34640,34-640
330,,,,OK,,37250,37-250
331,,,,TX,,45652,45-652
332,,,,OK,,37710,37-710
333,,,,AR,,04020,04-020
334,,,,AR,,04510,04-510
335,,,,CT,,07020,07-020
336,,,,IA,,16040,16-040
337,,,,SC,,42060,42-060
338,,,,NY,,33230,33-230
339,,,,LA,,19510,19-510
34,,,,NY,,33700,33-700
340,,,,NC,,34440,34-440
341,,,,TX,,45610,45-610
342,,,,SC,,42330,42-330
343,,,,VA,,49551,49-551
344,,,,KS,,17620,17-620
345,,,,CA,,05480,05-480
346,,,,TX,,45801,45-801
347,,,,AL,,01540,01-540
348,,,,NC,,34730,34-730
349,,,,MI,,23320,23-320
35,,,,TX,,45390,45-390
350,,,,TX,,45953,45-953
351,,,,GA,,11700,11-700
352,,,,NY,,33240,33-240
353,,,,IN,,15010,15-010
354,,,,MI,,23710,23-710
355,,,,WI,,52160,52-160
356,,,,GA,,11600,11-600
357,,,,WV,,51530,51-530
358,,,,54,,54620,54-620
359,,,,ME,,20050,20-050
36,,,,HI,,12020,12-020
360,,,,MO,,26150,26-150
361,,,,TX,,45940,45-940
362,,,,TX,,45822,45-822
363,,,,GA,,11290,11-290
364,,,,CA,,05500,05-500
365,,,,MO,,26411,26-411
366,,,,SC,,42010,42-010
367,,,,VA,,49120,49-120
368,,,,AR,,04330,04-330
369,,,,OR,,38090,38-090
37,,,,PA,,39620,39-620
370,,,,MI,,23780,23-780
371,,,,MN,,24130,24-130
372,,,,SC,,42250,42-250
373,,,,MS,,25370,25-370
374,,,,SC,,42270,42-270
375,,,,TN,,44100,44-100
376,,,,MN,,24570,24-570
377,,,,NC,,34120,34-120
378,,,,OH,,36370,36-370
379,,,,GA,,11320,11-320
38,,,,MT,,27260,27-260
380,,,,ME,,20110,20-110
381,,,,TX,,45681,45-681
382,,,,NC,,34650,34-650
383,,,,NC,,34090,34-090
384,,,,NY,,33000,33-000
385,,,,UT,,46260,46-260
386,,,,IA,,16300,16-300
387,,,,NC,,34220,34-220
388,,,,CO,,06330,06-330
389,,,,OH,,36510,36-510
39,,,,NY,,33020,33-020
390,,,,PA,,39770,39-770
391,,,,MD,,21060,21-060
392,,,,KY,,18550,18-550
393,,,,CA,,05590,05-590
394,,,,CA,,05390,05-390
395,,,,PA,,39710,39-710
396,,,,AL,,01620,01-620
397,,,,TX,,45440,45-440
398,,,,MO,,26982,26-982
399,,,,WY,,53060,53-060
4,,,,CO,,06290,06-290
40,,,,TX,,45930,45-930
400,,,,PA,,39350,39-350
401,,,,TN,,44940,44-940
402,,,,IA,,16840,16-840
403,,,,SC,,42410,42-410
404,,,,VA,,49290,49-290
405,,,,WV,,51090,51-090
406,,,,OK,,37300,37-300
407,,,,MS,,25760,25-760
408,,,,LA,,19080,19-080
409,,,,LA,,19570,19-570
41,,,,TX,,45734,45-734
410,,,,NC,,34410,34-410
411,,,,GA,,11400,11-400
412,,,,MN,,24720,24-720
413,,,,UT,,46050,46-050
414,,,,AR,,04650,04-650
415,,,,NV,,29020,29-020
416,,,,MO,,26940,26-940
417,,,,NJ,,31190,31-190
418,,,,OR,,38200,38-200
419,,,,LA,,19340,19-340
42,,,,WV,,51250,51-250
420,,,,FL,,10410,10-410
421,,,,PA,,39590,39-590
422,,,,54,,54350,54-350
423,,,,TN,,44120,44-120
424,,,,WV,,51110,51-110
425,,,,MO,,26210,26-210
426,,,,IL,,14970,14-970
427,,,,MO,,26570,26-570
428,,,,GA,,11070,11-070
429,,,,OK,,37660,37-660
43,,,,WI,,52580,52-580
430,,,,IA,,16240,16-240
431,,,,OK,,37160,37-160
432,,,,VA,,49890,49-890
433,,,,MS,,25590,25-590
434,,,,TN,,44520,44-520
435,,,,GA,,11540,11-540
436,,,,CO,,06060,06-060
437,,,,NY,,33600,33-600
438,,,,LA,,19300,19-300
439,,,,NC,,34780,34-780
44,,,,VA,,49563,49-563
440,,,,CA,,05000,05-000
441,,,,CA,,05060,05-060
442,,,,FL,,10560,10-560
443,,,,GA,,11150,11-150
444,,,,IA,,16750,16-750
445,,,,NV,,29150,29-150
446,,,,VT,,47020,47-020
447,,,,MN,,24000,24-000
448,,,,IL,,14530,14-530
449,,,,AR,,04690,04-690
45,,,,OR,,38230,38-230
450,,,,CA,,05650,05-650
451,,,,TX,,45221,45-221
452,,,,FL,,10370,10-370
453,,,,TX,,45843,45-843
454,,,,NJ,,31000,31-000
455,,,,MO,,26380,26-380
456,,,,OK,,37650,37-650
457,,,,NY,,33520,33-520
458,,,,AR,,04600,04-600
459,,,,NH,,30090,30-090
46,,,,CA,,05200,05-200
460,,,,AK,,02170,02-170
461,,,,OH,,36470,36-470
462,,,,NC,,34270,34-270
463,,,,OH,,36250,36-250
464,,,,NJ,,31370,31-370
465,,,,TX,,45879,45-879
466,,,,TX,,45780,45-780
467,,,,GA,,11180,11-180
468,,,,WI,,52610,52-610
469,,,,VA,,49950,49-950
47,,,,WA,,50310,50-310
470,,,,MO,,26650,26-650
471,,,,OH,,36530,36-530
472,,,,LA,,19150,19-150
473,,,,TX,,45770,45-770
474,,,,AZ,,03070,03-070
475,,,,CO,,06020,06-020
476,,,,FL,,10300,10-300
477,,,,ND,,35460,35-460
478,,,,TX,,45310,45-310
479,,,,KY,,18460,18-460
48,,,,CA,,05640,05-640
480,,,,AL,,01490,01-490
481,,,,IN,,15020,15-020
482,,,,LA,,19360,19-360
483,,,,TN,,44040,44-040
484,,,,NC,,34450,34-450
485,,,,IN,,15400,15-400
486,,,,CT,,07050,07-050
487,,,,GA,,11780,11-780
488,,,,OR,,38280,38-280
489,,,,TX,,45581,45-581
49,,,,OK,,37670,37-670
490,,,,CT,,07070,07-070
491,,,,AL,,01020,01-020
492,,,,NY,,33720,33-720
493,,,,OR,,38210,38-210
494,,,,KY,,18981,18-981
495,,,,NC,,34000,34-000
496,,,,WI,,52130,52-130
497,,,,OR,,38080,38-080
498,,,,IN,,15330,15-330
499,,,,WI,,52440,52-440
5,,,,WI,,52590,52-590
50,,,,MD,,21120,21-120
500,,,,MA,,22010,22-010
501,,,,MN,,24300,24-300
502,,,,MT,,27410,27-410
503,,,,MS,,25000,25-000
504,,,,TX,,45720,45-720
505,,,,MI,,23610,23-610
506,,,,SC,,42100,42-100
507,,,,VA,,49200,49-200
508,,,,OH,,36300,36-300
509,,,,MO,,26230,26-230
51,,,,WI,,52040,52-040
510,,,,IN,,15440,15-440
511,,,,VA,,49090,49-090
512,,,,ME,,20140,20-140
513,,,,MI,,23440,23-440
514,,,,MS,,25400,25-400
515,,,,FL,,10580,10-580
516,,,,IL,,14500,14-500
517,,,,LA,,19130,19-130
518,,,,VA,,49011,49-011
519,,,,OH,,36580,36-580
52,,,,FL,,10280,10-280
520,,,,KY,,18989,18-989
521,,,,FL,,10040,10-040
522,,,,LA,,19070,19-070
523,,,,DE,,08020,08-020
524,,,,KY,,18290,18-290
525,,,,NY,,33690,33-690
526,,,,AL,,01380,01-380
527,,,,KY,,18680,18-680
528,,,,VA,,49711,49-711
529,,,,ID,,13360,13-360
53,,,,TX,,45100,45-100
530,,,,NY,,33710,33-710
531,,,,TX,,45060,45-060
532,,,,ID,,13130,13-130
533,,,,NM,,32280,32-280
534,,,,AR,,04280,04-280
535,,,,NC,,34460,34-460
536,,,,PA,,39800,39-800
537,,,,UT,,46220,46-220
538,,,,AZ,,03100,03-100
539,,,,MT,,27550,27-550
54,,,,NJ,,31290,31-290
540,,,,TX,,45943,45-943
541,,,,OH,,36780,36-780
542,,,,IL,,14470,14-470
543,,,,WI,,52120,52-120
544,,,,IL,,14610,14-610
545,,,,KY,,18410,18-410
546,,,,SC,,42140,42-140
547,,,,KS,,17020,17-020
548,,,,IL,,14640,14-640
549,,,,MI,,23690,23-690
55,,,,CA,,05210,05-210
550,,,,IL,,14670,14-670
551,,,,VT,,47040,47-040
552,,,,TX,,45480,45-480
553,,,,NC,,34620,34-620
554,,,,VA,,49241,49-241
555,,,,LA,,19350,19-350
556,,,,CA,,05530,05-530
557,,,,NJ,,31340,31-340
558,,,,IN,,15830,15-830
559,,,,PA,,39000,39-000
56,,,,TX,,45970,45-970
560,,,,OK,,37230,37-230
561,,,,IL,,14986,14-986
562,,,,WI,,52180,52-180
563,,,,NC,,34320,34-320
564,,,,TN,,44860,44-860
565,,,,MN,,24010,24-010
566,,,,54,,54220,54-220
567,,,,GA,,11800,11-800
568,,,,MO,,26090,26-090
569,,,,54,,54520,54-520
57,,,,IL,,14141,14-141
570,,,,VA,,49580,49-580
571,,,,CO,,06210,06-210
572,,,,MD,,21150,21-150
573,,,,TX,,45431,45-431
574,,,,TN,,44170,44-170
575,,,,GA,,11660,11-660
576,,,,NM,,32230,32-230
577,,,,MO,,26140,26-140
578,,,,VA,,49421,49-421
579,,,,TN,,44380,44-380
58,,,,MI,,23620,23-620
580,,,,TN,,44270,44-270
581,,,,OK,,37570,37-570
582,,,,OK,,37060,37-060
583,,,,OR,,38070,38-070
584,,,,MA,,22000,22-000
585,,,,ND,,35370,35-370
586,,,,MI,,23250,23-250
587,,,,NM,,32190,32-190
588,,,,MS,,25330,25-330
589,,,,TX,,45792,45-792
59,,,,PA,,39010,39-010
590,,,,WI,,52150,52-150
591,,,,FL,,10650,10-650
592,,,,SC,,42400,42-400
593,,,,OK,,37360,37-360
594,,,,MI,,23000,23-000
595,,,,MD,,21040,21-040
596,,,,PA,,39540,39-540
597,,,,IN,,15350,15-350
598,,,,AK,,02110,02-110
599,,,,MD,,21030,21-030
6,,,,NY,,33400,33-400
60,,,,CA,,05660,05-660
600,,,,CA,,05030,05-030
601,,,,IN,,15310,15-310
602,,,,OK,,37150,37-150
603,,,,MI,,23400,23-400
604,,,,OH,,36740,36-740
605,,,,54,,54570,54-570
606,,,,IN,,15430,15-430
607,,,,PA,,39380,39-380
608,,,,PA,,39150,39-150
609,,,,OR,,38160,38-160
61,,,,FL,,10570,10-570
610,,,,IN,,15390,15-390
611,,,,VA,,49641,49-641
612,,,,OH,,36720,36-720
613,,,,TX,,45653,45-653
614,,,,IL,,14991,14-991
615,,,,TN,,44150,44-150
616,,,,NJ,,31230,31-230
617,,,,WV,,51400,51-400
618,,,,PA,,39480,39-480
619,,,,AL,,01070,01-070
62,,,,NY,,33590,33-590
620,,,,WI,,52500,52-500
621,,,,CO,,06340,06-340
622,,,,GA,,11110,11-110
623,,,,NY,,33730,33-730
624,,,,VT,,47130,47-130
625,,,,CA,,05170,05-170
626,,,,MT,,27130,27-130
627,,,,PA,,39440,39-440
628,,,,AZ,,03080,03-080
629,,,,TN,,44820,44-820
63,,,,MO,,26470,26-470
630,,,,TX,,45590,45-590
631,,,,WI,,52270,52-270
632,,,,RI,,41000,41-000
633,,,,NM,,32060,32-060
634,,,,AL,,01320,01-320
635,,,,TN,,44430,44-430
636,,,,TN,,44260,44-260
637,,,,PA,,39530,39-530
638,,,,KY,,18992,18-992
639,,,,WA,,50080,50-080
64,,,,OH,,36770,36-770
640,,,,MO,,26980,26-980
641,,,,ND,,35170,35-170
642,,,,IA,,16810,16-810
643,,,,VA,,49810,49-810
644,,,,NJ,,31100,31-100
645,,,,SC,,42280,42-280
646,,,,WA,,50020,50-020
647,,,,AR,,04300,04-300
648,,,,TN,,44540,44-540
649,,,,TN,,44800,44-800
65,,,,NY,,33510,33-510
650,,,,OH,,36860,36-860
651,,,,NY,,33360,33-360
652,,,,KY,,18990,18-990
653,,,,NC,,34510,34-510
654,,,,SC,,42370,42-370
655,,,,NY,,33570,33-570
656,,,,KY,,18040,18-040
657,,,,VA,,49910,49-910
658,,,,ND,,35190,35-190
659,,,,LA,,19540,19-540
66,,,,HI,,12050,12-050
660,,,,IL,,14660,14-660
661,,,,PA,,39750,39-750
662,,,,ID,,13000,13-000
663,,,,MO,,26520,26-520
664,,,,AL,,01480,01-480
665,,,,SD,,43510,43-510
666,,,,GA,,11930,11-930
667,,,,OR,,38050,38-050
668,,,,IL,,14988,14-988
669,,,,MN,,24350,24-350
67,,,,WI,,52310,52-310
670,,,,MI,,23340,23-340
671,,,,ND,,35070,35-070
672,,,,NM,,32150,32-150
673,,,,MI,,23680,23-680
674,,,,CT,,07030,07-030
675,,,,GA,,11360,11-360
676,,,,FL,,10320,10-320
677,,,,AZ,,03130,03-130
678,,,,PA,,39210,39-210
679,,,,KS,,17250,17-250
68,,,,GA,,11090,11-090
680,,,,OR,,38320,38-320
681,,,,NC,,34170,34-170
682,,,,NY,,33280,33-280
683,,,,TN,,44810,44-810
684,,,,IA,,16420,16-420
685,,,,PA,,39720,39-720
686,,,,ID,,13020,13-020
687,,,,WV,,51230,51-230
688,,,,ID,,13060,13-060
689,,,,OK,,37070,37-070
69,,,,FL,,10120,10-120
690,,,,TX,,45562,45-562
691,,,,AL,,01580,01-580
692,,,,WV,,51050,51-050
693,,,,TX,,45140,45-140
694,,,,KY,,18750,18-750
695,,,,NY,,33300,33-300
696,,,,54,,54690,54-690
697,,,,54,,54170,54-170
698,,,,TN,,44750,44-750
699,,,,TX,,45180,45-180
7,,,,PA,,39270,39-270
70,,,,IL,,14890,14-890
700,,,,NE,,28390,28-390
701,,,,WA,,50300,50-300
702,,,,MD,,21010,21-010
703,,,,IN,,15450,15-450
704,,,,TX,,45470,45-470
705,,,,WV,,51170,51-170
706,,,,PA,,39370,39-370
707,,,,OH,,36110,36-110
708,,,,NY,,33900,33-900
709,,,,IN,,15100,15-100
71,,,,54,,54320,54-320
710,,,,WV,,51390,51-390
711,,,,AL,,01510,01-510
712,,,,FL,,10550,10-550
713,,,,AL,,01240,01-240
714,,,,VA,,49010,49-010
715,,,,MI,,23660,23-660
716,,,,TN,,44730,44-730
717,,,,NC,,34550,34-550
718,,,,AK,,02290,02-290
719,,,,GA,,11840,11-840
72,,,,TN,,44180,44-180
720,,,,KY,,18991,18-991
721,,,,MS,,25220,25-220
722,,,,IL,,14920,14-920
723,,,,KY,,18440,18-440
724,,,,AL,,01190,01-190
725,,,,MI,,23170,23-170
726,,,,ND,,35080,35-080
727,,,,KY,,18610,18-610
728,,,,MI,,23730,23-730
729,,,,IN,,15300,15-300
73,,,,CA,,05510,05-510
730,,,,FL,,10260,10-260
731,,,,WV,,51440,51-440
732,,,,TN,,44890,44-890
733,,,,LA,,19390,19-390
734,,,,NM,,32210,32-210
735,,,,NH,,30311,30-311
736,,,,NH,,30070,30-070
737,,,,IN,,15070,15-070
738,,,,TX,,45752,45-752
739,,,,PA,,39420,39-420
74,,,,CA,,05580,05-580
740,,,,GA,,11811,11-811
741,,,,NC,,34570,34-570
742,,,,NC,,34110,34-110
743,,,,GA,,11610,11-610
744,,,,NY,,33060,33-060
745,,,,OK,,37090,37-090
746,,,,IL,,14990,14-990
747,,,,TN,,44070,44-070
748,,,,AL,,01340,01-340
749,,,,NE,,28770,28-770
75,,,,WI,,52430,52-430
750,,,,VA,,49981,49-981
751,,,,AL,,01630,01-630
752,,,,IN,,15700,15-700
753,,,,IN,,15660,15-660
754,,,,54,,54110,54-110
755,,,,AL,,01560,01-560
756,,,,TX,,45910,45-910
757,,,,MS,,25240,25-240
758,,,,KY,,18860,18-860
759,,,,OR,,38170,38-170
76,,,,IN,,15880,15-880
760,,,,OH,,36090,36-090
761,,,,KY,,18070,18-070
762,,,,KY,,18801,18-801
763,,,,CA,,05680,05-680
764,,,,FL,,10310,10-310
765,,,,NC,,34100,34-100
766,,,,IA,,16620,16-620
767,,,,IL,,14850,14-850
768,,,,TX,,45240,45-240
769,,,,CA,,05140,05-140
77,,,,GA,,11470,11-470
770,,,,NV,,29160,29-160
771,,,,TX,,45911,45-911
772,,,,GA,,11030,11-030
773,,,,CO,,06440,06-440
774,,,,AL,,01230,01-230
775,,,,AK,,02180,02-180
776,,,,IN,,15210,15-210
777,,,,AL,,01040,01-040
778,,,,NC,,34330,34-330
779,,,,AR,,04220,04-220
78,,,,CA,,05400,05-400
780,,,,PA,,39610,39-610
781,,,,VA,,49280,49-280
782,,,,OH,,36680,36-680
783,,,,MD,,21160,21-160
784,,,,OK,,37440,37-440
785,,,,KY,,18790,18-790
786,,,,FL,,10360,10-360
787,,,,SC,,42070,42-070
788,,,,GA,,11370,11-370
789,,,,IA,,16770,16-770
79,,,,NH,,30050,30-050
790,,,,TX,,45650,45-650
791,,,,NC,,34050,34-050
792,,,,NC,,34490,34-490
793,,,,MT,,27270,27-270
794,,,,MN,,24330,24-330
795,,,,GA,,11461,11-461
796,,,,54,,54140,54-140
797,,,,KY,,18000,18-000
798,,,,IN,,15520,15-520
799,,,,MI,,23160,23-160
8,,,,MN,,24680,24-680
80,,,,CO,,06500,06-500
800,,,,AL,,01090,01-090
801,,,,TX,,45821,45-821
802,,,,ID,,13410,13-410
803,,,,ID,,13080,13-080
804,,,,IA,,16210,16-210
805,,,,TN,,44080,44-080
806,,,,IL,,14400,14-400
807,,,,NY,,33310,33-310
808,,,,NH,,30030,30-030
809,,,,WI,,52420,52-420
81,,,,MT,,27310,27-310
810,,,,NC,,34180,34-180
811,,,,TN,,44010,44-010
812,,,,KS,,17200,17-200
813,,,,MO,,26180,26-180
814,,,,GA,,11963,11-963
815,,,,TX,,45224,45-224
816,,,,KY,,18984,18-984
817,,,,VA,,49791,49-791
818,,,,VA,,49720,49-720
819,,,,IL,,14310,14-310
82,,,,CT,,07010,07-010
820,,,,FL,,10080,10-080
821,,,,CA,,05520,05-520
822,,,,NE,,28680,28-680
823,,,,IA,,16720,16-720
824,,,,PA,,39450,39-450
825,,,,WI,,52670,52-670
826,,,,MT,,27150,27-150
827,,,,OH,,36840,36-840
828,,,,FL,,10530,10-530
829,,,,NC,,34790,34-790
83,,,,NJ,,31300,31-300
830,,,,CA,,05420,05-420
831,,,,IL,,14570,14-570
832,,,,WY,,53000,53-000
833,,,,WY,,53140,53-140
834,,,,MI,,23100,23-100
835,,,,MN,,24700,24-700
836,,,,WI,,52640,52-640
837,,,,ME,,20060,20-060
838,,,,MO,,26350,26-350
839,,,,UT,,46280,46-280
84,,,,FL,,10500,10-500
840,,,,ME,,20080,20-080
841,,,,TX,,45320,45-320
842,,,,ME,,20090,20-090
843,,,,SC,,42110,42-110
844,,,,NY,,33630,33-630
845,,,,VA,,49440,49-440
846,,,,54,,54130,54-130
847,,,,GA,,11920,11-920
848,,,,IL,,14000,14-000
849,,,,CA,,05620,05-620
85,,,,CA,,05470,05-470
850,,,,CA,,05310,05-310
851,,,,TX,,45190,45-190
852,,,,AK,,02120,02-120
853,,,,PA,,39130,39-130
854,,,,MI,,23020,23-020
855,,,,NJ,,31260,31-260
856,,,,54,,54420,54-420
857,,,,TX,,45200,45-200
858,,,,MO,,26040,26-040
859,,,,GA,,11831,11-831
86,,,,MN,,24260,24-260
860,,,,TX,,45974,45-974
861,,,,IL,,14160,14-160
862,,,,MT,,27100,27-100
863,,,,FL,,10520,10-520
864,,,,PA,,39110,39-110
865,,,,MD,,21130,21-130
866,,,,SC,,42220,42-220
867,,,,MI,,23540,23-540
868,,,,GA,,11973,11-973
869,,,,MN,,24810,24-810
87,,,,AZ,,03060,03-060
870,,,,NC,,34430,34-430
871,,,,LA,,19230,19-230
872,,,,IN,,15050,15-050
873,,,,MN,,24760,24-760
874,,,,MN,,24020,24-020
875,,,,MN,,24610,24-610
876,,,,AR,,04450,04-450
877,,,,KY,,18420,18-420
878,,,,CA,,05040,05-040
879,,,,MO,,26480,26-480
88,,,,AZ,,03010,03-010
880,,,,TN,,44050,44-050
881,,,,TN,,44790,44-790
882,,,,VA,,49288,49-288
883,,,,IL,,14130,14-130
884,,,,TN,,44650,44-650
885,,,,IN,,15540,15-540
886,,,,SC,,42310,42-310
887,,,,CA,,05410,05-410
888,,,,VT,,47090,47-090
889,,,,WI,,52630,52-630
89,,,,FL,,10490,10-490
890,,,,NE,,28270,28-270
891,,,,VA,,49921,49-921
892,,,,OK,,37400,37-400
893,,,,OH,,36140,36-140
894,,,,MI,,23570,23-570
895,,,,AR,,04070,04-070
896,,,,IA,,16130,16-130
897,,,,NJ,,31350,31-350
898,,,,CA,,05300,05-300
899,,,,VA,,49962,49-962
9,,,,MI,,23810,23-810
90,,,,AR,,04150,04-150
900,,,,WV,,51420,51-420
901,,,,FL,,10630,10-630
902,,,,MI,,23720,23-720
903,,,,LA,,19440,19-440
904,,,,MO,,26988,26-988
905,,,,LA,,19280,19-280
906,,,,NJ,,31390,31-390
907,,,,CO,,06170,06-170
908,,,,IA,,16870,16-870
909,,,,IL,,14050,14-050
91,,,,MI,,23600,23-600
910,,,,OR,,38300,38-300
911,,,,VA,,49740,49-740
912,,,,PA,,39220,39-220
913,,,,NC,,34290,34-290
914,,,,WV,,51140,51-140
915,,,,OR,,38190,38-190
916,,,,PA,,39550,39-550
917,,,,CO,,06610,06-610
918,,,,FL,,10110,10-110
919,,,,OR,,38330,38-330
92,,,,CA,,05120,05-120
920,,,,NM,,32070,32-070
921,,,,WI,,52690,52-690
922,,,,PA,,39760,39-760
923,,,,KY,,18983,18-983
924,,,,GA,,11250,11-250
925,,,,LA,,19180,19-180
926,,,,AL,,01500,01-500
927,,,,WI,,52190,52-190
928,,,,OH,,36130,36-130
929,,,,KY,,18972,18-972
93,,,,MS,,25170,25-170
930,,,,MO,,26050,26-050
931,,,,PA,,39400,39-400
932,,,,AL,,01210,01-210
933,,,,VA,,49801,49-801
934,,,,ND,,35380,35-380
935,,,,NC,,34770,34-770
936,,,,MO,,26670,26-670
937,,,,TN,,44930,44-930
938,,,,MD,,21000,21-000
939,,,,IN,,15260,15-260
94,,,,TX,,45090,45-090
940,,,,TX,,45841,45-841
941,,,,NY,,33070,33-070
942,,,,TX,,45961,45-961
943,,,,GA,,11140,11-140
944,,,,WV,,51200,51-200
945,,,,TX,,45700,45-700
946,,,,KY,,18500,18-500
947,,,,HI,,12010,12-010
948,,,,OH,,36800,36-800
949,,,,MI,,23430,23-430
95,,,,LA,,19220,19-220
950,,,,FL,,10480,10-480
951,,,,KY,,18250,18-250
952,,,,NY,,33500,33-500
953,,,,NC,,34930,34-930
954,,,,WY,,53070,53-070
955,,,,54,,54030,54-030
956,,,,MA,,22080,22-080
957,,,,NM,,32080,32-080
958,,,,KS,,17910,17-910
959,,,,OH,,36210,36-210
96,,,,MI,,23790,23-790
960,,,,NV,,29120,29-120
961,,,,OR,,38060,38-060
962,,,,MI,,23200,23-200
963,,,,IN,,15840,15-840
964,,,,IN,,15690,15-690
965,,,,OH,,36030,36-030
966,,,,CA,,05540,05-540
967,,,,WY,,53100,53-100
968,,,,NE,,28710,28-710
969,,,,TN,,44390,44-390
97,,,,PA,,39260,39-260
970,,,,IL,,14150,14-150
971,,,,TX,,45220,45-220
972,,,,NM,,32240,32-240
973,,,,KS,,17220,17-220
974,,,,GA,,11050,11-050
975,,,,TX,,45341,45-341
976,,,,VA,,49520,49-520
977,,,,MO,,26910,26-910
978,,,,AL,,01160,01-160
979,,,,GA,,11000,11-000
98,,,,NC,,34750,34-750
980,,,,FL,,10170,10-170
981,,,,SC,,42290,42-290
982,,,,ID,,13190,13-190
983,,,,IL,,14700,14-700
984,,,,OK,,37430,37-430
985,,,,KY,,18191,18-191
986,,,,IL,,14090,14-090
987,,,,MS,,25160,25-160
988,,,,PA,,39320,39-320
989,,,,MI,,23460,23-460
99,,,,MT,,27060,27-060
990,,,,TX,,45794,45-794
991,,,,IL,,14540,14-540
992,,,,TX,,45511,45-511
993,,,,NE,,28740,28-740
994,,,,OK,,37130,37-130
995,,,,IN,,15630,15-630
996,,,,AL,,01260,01-260
997,,,,IA,,16930,16-930
998,,,,TX,,45971,45-971
999,,,,NY,,33580,33-580
